average,totalmistakes,averagemistakes,percentmistakes
282.75,281,5.85416666666667,0.0207043913940466
