area,areaabs,firstpeak,peak,firsttrough,trough,otherpeaks,othertroughs
-0.000107600932632904,14.9838109440184,1826,0.0269304999515726,1196,-0.0235872204415146,1826,1196
