area,areaabs,firstpeak,peak,firsttrough,trough,otherpeaks,othertroughs
0.00425328917975495,14.6335511954968,2697,0.0600567355753583,3209,-0.058863101662037,2697,3209
