area,areaabs,firstpeak,peak,firsttrough,trough,otherpeaks,othertroughs
0.000274379922708293,2.0819477313511,417,0.00590198704049959,428,-0.00377294938448568,417,428
