area,areaabs,firstpeak,peak,firsttrough,trough,otherpeaks,othertroughs
-0.00274997146633732,419.631430279326,1768,0.298395496360525,378,-0.163596273123468,1768,378
