area,areaabs,firstpeak,peak,firsttrough,trough,otherpeaks,othertroughs
-0.000262187369361269,478.677089384044,2025,0.442431055512918,1758,-0.302532594971912,2025,1758
