area,areaabs,firstpeak,peak,firsttrough,trough,otherpeaks,othertroughs
-0.00500526171252731,233.891527616383,2974,0.115506442564424,2253,-0.167016774122488,2974,2253
