area,areaabs,firstpeak,peak,firsttrough,trough,otherpeaks,othertroughs
0.000625836562339512,29.6765559486505,599,0.0510517005728164,633,-0.0683607957411258,599,633
