area,areaabs,firstpeak,peak,firsttrough,trough,otherpeaks,othertroughs
-0.00978355366878035,230.783596091448,2891,0.149498327786561,2079,-0.164569294333182,2891,2079
