average,totalmistakes,averagemistakes
118.434782608696,261,11.3478260869565
