average,totalmistakes,averagemistakes,percentmistakes
402.117647058824,669,19.6764705882353,0.0489321240491516
