average,totalmistakes,averagemistakes,percentmistakes
298.441176470588,709,20.8529411764706,0.0698728688282251
