average,totalmistakes,averagemistakes,percentmistakes
558.866666666667,853,28.4333333333333,0.0508767744244304
