area,areaabs,firstpeak,peak,firsttrough,trough,otherpeaks,othertroughs
0.00376311064836638,9.35307700700449,1822,0.0611243128069813,1823,-0.048998027598618,1822,1823
