area,areaabs,firstpeak,peak,firsttrough,trough,otherpeaks,othertroughs
-0.0080914322072384,29.8149138266412,1823,0.182197230593224,415,-0.149876295076957,1823,415
