area,areaabs,firstpeak,peak,firsttrough,trough,otherpeaks,othertroughs
-0.000467947385331442,3.5711218994451,414,0.0102512463819363,1818,-0.013684713567369,414,1818
