area,areaabs,firstpeak,peak,firsttrough,trough,otherpeaks,othertroughs
-0.00404016680957253,408.492197403522,569,0.34265681442096,1315,-0.362874279107098,569,1315
