area,areaabs,firstpeak,peak,firsttrough,trough,otherpeaks,othertroughs
0.0288668661732844,308.779635738137,375,0.192668715470047,1408,-0.40790349651991,375,1408
