area,areaabs,firstpeak,peak,firsttrough,trough,otherpeaks,othertroughs
-0.015123771864948,177.789119092588,1447,0.179267718011503,2194,-0.164614968496425,1447,2194
