area,areaabs,firstpeak,peak,firsttrough,trough,otherpeaks,othertroughs
0.0213133003713884,173.351937874265,2428,0.124001817387138,2784,-0.162217980749591,2428,2784
