area,areaabs,firstpeak,peak,firsttrough,trough,otherpeaks,othertroughs
-0.000659322351484771,20.6457519399518,1976,0.0942046191012131,2415,-0.129717422125085,1976,2415
