area,areaabs,firstpeak,peak,firsttrough,trough,otherpeaks,othertroughs
-0.00145019770803908,6.96261024336787,2512,0.0111981153382639,2791,-0.0101941136552124,2512,2791
