area,areaabs,firstpeak,peak,firsttrough,trough,otherpeaks,othertroughs
-0.000230389414387194,4.48907120838808,1860,0.00864370313113436,805,-0.00628680757035956,1860,805
