area,areaabs,firstpeak,peak,firsttrough,trough,otherpeaks,othertroughs
-0.00250031146982243,4.08164181795075,2009,0.00926807396072756,2007,-0.00551816375779207,2009,2007
