area,areaabs,firstpeak,peak,firsttrough,trough,otherpeaks,othertroughs
0.000100284930548723,20.2081079690433,1564,0.0621379227120929,1376,-0.0434707470572918,1564,1376
