area,areaabs,firstpeak,peak,firsttrough,trough,otherpeaks,othertroughs
-0.00208185943512472,528.505806841487,344,0.212827564032163,2013,-0.424618186337658,344,2013
