area,areaabs,firstpeak,peak,firsttrough,trough,otherpeaks,othertroughs
8.21597614272526e-07,1.25902974124466,1076,0.00127935443117592,1465,-0.00123849413351477,1076,1465
