area,areaabs,firstpeak,peak,firsttrough,trough,otherpeaks,othertroughs
0.000391572165635793,458.213055343487,2172,0.33036459411895,1927,-0.353905129406444,2172,1927
