area,areaabs,firstpeak,peak,firsttrough,trough,otherpeaks,othertroughs
-0.00220485837454189,371.874253305443,971,0.172325104759905,1970,-0.383536149866182,971,1970
