area,areaabs,firstpeak,peak,firsttrough,trough,otherpeaks,othertroughs
0.00414699527450952,580.509735693551,2225,0.383872010961966,3168,-0.259373329691388,2225,3168
