area,areaabs,firstpeak,peak,firsttrough,trough,otherpeaks,othertroughs
-0.000600797294641553,3.64350525035154,1767,0.00823244668824842,1608,-0.00939132719357908,1767,1608
