area,areaabs,firstpeak,peak,firsttrough,trough,otherpeaks,othertroughs
0.000530745395963442,6.63798187805919,4018,0.0114720836716581,3065,-0.0102540031420778,4018,3065
