area,areaabs,firstpeak,peak,firsttrough,trough,otherpeaks,othertroughs
-0.000148393862021113,1.92250423991003,2419,0.00363752873356081,2190,-0.0058879819880549,2419,2190
