area,areaabs,firstpeak,peak,firsttrough,trough,otherpeaks,othertroughs
7.95332556088072e-05,4.91880193065451,1347,0.00803977587599877,1661,-0.00861610146430292,1347,1661
