area,areaabs,firstpeak,peak,firsttrough,trough,otherpeaks,othertroughs
-0.000867711472240407,146.613537108947,897,0.204703811105777,369,-0.163659123236604,897,369
