area,areaabs,firstpeak,peak,firsttrough,trough,otherpeaks,othertroughs
-0.0205964671994921,297.143708779282,2015,0.285081437519348,3500,-0.144290503057376,2015,3500
