area,areaabs,firstpeak,peak,firsttrough,trough,otherpeaks,othertroughs
-0.00258444739958073,29.8890115046184,1685,0.0688402045704655,1162,-0.0508790046288492,1685,1162
