area,areaabs,firstpeak,peak,firsttrough,trough,otherpeaks,othertroughs
-0.0117750357502173,749.928873147467,2015,0.491336707152569,3507,-0.316247312400401,2015,3507
