area,areaabs,firstpeak,peak,firsttrough,trough,otherpeaks,othertroughs
-0.010468806654792,321.144706203686,3922,0.211004650741019,2745,-0.260541750864744,3922,2745
