area,areaabs,firstpeak,peak,firsttrough,trough,otherpeaks,othertroughs
-0.026345749320718,38.0949837535352,4023,0.129427102326898,2017,-0.0645724535695826,4023,2017
