area,areaabs,firstpeak,peak,firsttrough,trough,otherpeaks,othertroughs
-0.00774280803047233,127.654742493505,1264,0.164435142325141,1526,-0.154642175120619,1264,1526
