area,areaabs,firstpeak,peak,firsttrough,trough,otherpeaks,othertroughs
0.00177509098382515,191.722476906726,1295,0.126446450926664,969,-0.144411795654992,1295,969
