area,areaabs,firstpeak,peak,firsttrough,trough,otherpeaks,othertroughs
0.0453594591345772,214.46113921023,2012,0.226405847998977,64,-0.19435722398633,2012,64
