area,areaabs,firstpeak,peak,firsttrough,trough,otherpeaks,othertroughs
-0.00443340567763416,32.2200046186288,1126,0.108004231625482,1100,-0.107752611790115,1126,1100
