area,areaabs,firstpeak,peak,firsttrough,trough,otherpeaks,othertroughs
-0.0261504117404633,166.622022164409,936,0.18202254629967,1800,-0.155663722108016,936,1800
