area,areaabs,firstpeak,peak,firsttrough,trough,otherpeaks,othertroughs
-0.0616995488593504,55.6487708941319,971,0.132581360838949,1406,-0.420891765568764,971,1406
