area,areaabs,firstpeak,peak,firsttrough,trough,otherpeaks,othertroughs
0.00104840077966692,33.6155123395885,1692,0.115389968652933,487,-0.118722515457852,1692,487
