area,areaabs,firstpeak,peak,firsttrough,trough,otherpeaks,othertroughs
-0.00437000758475479,23.2911743795593,1973,0.0636731815568379,1975,-0.0541602073068348,1973,1975
