area,areaabs,firstpeak,peak,firsttrough,trough,otherpeaks,othertroughs
-0.0227093349479643,830.671021332723,2015,0.587421431465351,3392,-0.351315734662493,2015,3392
