area,areaabs,firstpeak,peak,firsttrough,trough,otherpeaks,othertroughs
-0.00171720232675177,304.254507421662,3439,0.195753905368967,1813,-0.287353706313935,3439,1813
