area,areaabs
1.65446073805161e-06,157.047897568877
