area,areaabs
3.36488907380255e-06,127.389845993452
