area,areaabs
5.85687392401635e-06,143.262266793444
