area,areaabs
-1.3024373417272e-05,130.701249710653
