area,areaabs
8.34799866342606e-07,135.637578130019
