area,areaabs
0.000460631647080298,1202.67211808541
