area,areaabs
-0.000141667189966119,927.13576743157
