area,areaabs
0.000646420981988375,784.182423056095
