area,areaabs
-0.000281976986415045,644.967326868649
