area,areaabs
-0.000456292288377113,784.019865051189
