area,areaabs
0.00160478139284175,625.665394933324
