area,areaabs
0.0017813621492164,596.886164208073
