area,areaabs
-0.000146284241088744,365.777013936851
