area,areaabs
-0.000140286552316826,398.54740161554
