area,areaabs
-4.40556821433969e-05,444.881894660115
