area,areaabs
0.0310374427914704,172.038918290376
