area,areaabs
0.0128801567083707,210.341573231043
