area,areaabs
-0.355386193593958,148.127149523749
