area,areaabs
-0.00131491583715638,917.268797082693
