area,areaabs
-0.183690671198748,361.464845735855
