area,areaabs,firstpeak,peak,firsttrough,trough,otherpeaks,othertroughs
-3.90774513560312e-05,19.2768589214884,1840,0.0291639176912752,1934,-0.0419719994959577,1840,1934
