area,areaabs,firstpeak,peak,firsttrough,trough,otherpeaks,othertroughs
-1.52802743455468e-05,1.01320876294605,3697,0.00441406827793921,3694,-0.00191449915276518,3697,3694
