area,areaabs,firstpeak,peak,firsttrough,trough,otherpeaks,othertroughs
2.26492898982559e-05,13.9677165394883,3698,0.0636727709579894,3697,-0.106992955250349,3698,3697
