area,areaabs,firstpeak,peak,firsttrough,trough,otherpeaks,othertroughs
0.0123755976977546,341.208142719526,1616,0.199211850334434,2295,-0.205847145042055,1616,2295
