area,areaabs,firstpeak,peak,firsttrough,trough,otherpeaks,othertroughs
0.00023754195883347,377.47268070455,1932,0.315970654944744,1358,-0.232666790220987,1932,1358
