area,areaabs,firstpeak,peak,firsttrough,trough,otherpeaks,othertroughs
0.00202692344623926,417.383860136802,1887,0.2490380580756,3470,-0.295568973588496,1887,3470
