area,areaabs,firstpeak,peak,firsttrough,trough,otherpeaks,othertroughs
-3.64918740557876e-05,8.03548872683059,2367,0.0141379813045059,3126,-0.0161647935464262,2367,3126
