area,areaabs,firstpeak,peak,firsttrough,trough,otherpeaks,othertroughs
-1.24128744219901e-05,2.77612159814934,2114,0.0088337188733862,1013,-0.0178728730943101,2114,1013
