area,areaabs,firstpeak,peak,firsttrough,trough,otherpeaks,othertroughs
-0.000153614342545001,6.19817218720233,3198,0.062134847291642,3199,-0.0388533395337123,3198,3199
