area,areaabs,firstpeak,peak,firsttrough,trough,otherpeaks,othertroughs
0.00193652635151143,434.077120834316,2046,0.326870052273231,1363,-0.357834086398099,2046,1363
