area,areaabs,firstpeak,peak,firsttrough,trough,otherpeaks,othertroughs
0.00846314710583793,375.634959318799,3109,0.278323249689814,4151,-0.21461130253554,3109,4151
