area,areaabs,firstpeak,peak,firsttrough,trough,otherpeaks,othertroughs
0.00693362536370715,281.581128542663,3341,0.243774540251722,4143,-0.215867989915511,3341,4143
