average,totalmistakes,averagemistakes,percentmistakes
260.794117647059,427,12.5588235294118,0.0481560843577309
