average,totalmistakes,averagemistakes,percentmistakes
213.242424242424,235,7.12121212121212,0.0333949126048032
