average,totalmistakes,averagemistakes
165.527777777778,132,3.66666666666667
