average,totalmistakes,averagemistakes
170.257142857143,104,2.97142857142857
