area,areaabs,firstpeak,peak,firsttrough,trough,otherpeaks,othertroughs
6.79311406215155e-06,5.61470090608947,2914,0.0117918614711313,2868,-0.0115633435402022,2914,2868
