area,areaabs,firstpeak,peak,firsttrough,trough,otherpeaks,othertroughs
7.78523811187366e-05,3.33352057566702,2259,0.00643122573454553,2776,-0.00887049876770836,2259,2776
