area,areaabs,firstpeak,peak,firsttrough,trough,otherpeaks,othertroughs
0.00112795444261084,22.3039057412054,7,0.0528790005338916,2780,-0.0410660268717349,7,2780
