area,areaabs,firstpeak,peak,firsttrough,trough,otherpeaks,othertroughs
0.00024076315582033,5.23280637407405,2087,0.00990198546193627,2780,-0.0114704364796354,2087,2780
