area,areaabs,firstpeak,peak,firsttrough,trough,otherpeaks,othertroughs
-0.000173476955351415,592.639854041211,2280,0.357422718525985,1984,-0.471746738455353,2280,1984
