area,areaabs,firstpeak,peak,firsttrough,trough,otherpeaks,othertroughs
-0.024104718427901,742.948417525229,3738,0.318868412648039,2273,-0.683532134752854,3738,2273
