area,areaabs,firstpeak,peak,firsttrough,trough,otherpeaks,othertroughs
0.00349043198867023,451.624621417128,2375,0.271307751192132,3847,-0.21095045943289,2375,3847
