area,areaabs,firstpeak,peak,firsttrough,trough,otherpeaks,othertroughs
0.000622422375225696,601.275191085432,2122,0.300536665185622,458,-0.419026438101812,2122,458
