average,totalmistakes,averagemistakes,percentmistakes
170.257142857143,104,2.97142857142857,0.0174525927168988
