average,totalmistakes,averagemistakes
377.916666666667,244,6.77777777777778
