area,areaabs
3.46371042901838e-06,104.076389775582
