area,areaabs
-1.76000776088316e-07,91.7292775553658
