area,areaabs
3.27488190649823e-05,85.6110893424004
