area,areaabs
5.52183913669241e-07,100.493133419667
