area,areaabs
-5.04444066855636e-06,95.6215249803904
