area,areaabs
0.000586291147232512,993.055234093554
