area,areaabs
3.17850548271003e-05,486.024008397702
