area,areaabs
0.000172488481199687,845.873125940074
