area,areaabs
0.00136591106630715,428.188438466302
