area,areaabs
-0.00153825830051469,1142.17607560499
