area,areaabs
-0.00423650932822428,1058.0550728594
