area,areaabs
-0.157371562272338,645.641140721561
