average,totalmistakes,averagemistakes
372.636363636364,34,3.09090909090909
