average,totalmistakes,averagemistakes
120.725490196078,80,1.56862745098039
