average,totalmistakes,averagemistakes
412.30303030303,4,0.121212121212121
