average,totalmistakes,averagemistakes
504.277777777778,14,0.777777777777778
