average,totalmistakes,averagemistakes
400.176470588235,72,2.11764705882353
