trialnames,Var2
UP1,-0.261029411764706
UP2,0.261029411764706
P1,-1.37867647058824
P2,4.02043801391524
Rec,-1.56730392156863
