average,totalmistakes,averagemistakes,percentmistakes
629.269230769231,939,36.1153846153846,0.0573925799156531
