area,areaabs,firstpeak,peak,firsttrough,trough,otherpeaks,othertroughs
-0.000147396923109209,871.173135248915,7401,0.219573537425523,5758,-0.407270392880738,7401,5758
