area,areaabs,firstpeak,peak,firsttrough,trough,otherpeaks,othertroughs
0.000123271890722132,962.916758293256,4560,0.261978535971076,8588,-0.287312367225157,4560,8588
