area,areaabs,firstpeak,peak,firsttrough,trough,otherpeaks,othertroughs
0.00010723119666319,1449.61845560666,7836,0.413840035118834,5605,-0.382749146362398,7836,5605
