area,areaabs,firstpeak,peak,firsttrough,trough,otherpeaks,othertroughs
0.000105441708151202,955.955724910811,5503,0.351828366810113,6342,-0.261341447432179,5503,6342
