area,areaabs,firstpeak,peak,firsttrough,trough,otherpeaks,othertroughs
0.000115062278088875,1504.4733270943,5362,0.462993799266207,3305,-0.453648525289756,5362,3305
