area,areaabs,firstpeak,peak,firsttrough,trough,otherpeaks,othertroughs
1.75341639945801e-06,96.9244272410221,6525,0.0716754391075606,6752,-0.0835513994109282,6525,6752
