area,areaabs,firstpeak,peak,firsttrough,trough,otherpeaks,othertroughs
-1.0400286731753e-05,817.200642883047,5574,0.229239532028595,2279,-0.124718252675488,5574,2279
