area,areaabs,firstpeak,peak,firsttrough,trough,otherpeaks,othertroughs
0.00018560611042703,324.807706291479,2751,0.11924801508236,1773,-0.273625398260716,2751,1773
