area,areaabs,firstpeak,peak,firsttrough,trough,otherpeaks,othertroughs
-0.000223752731555079,57.0955513503863,5706,0.0293946960891158,5793,-0.0322825419803253,5706,5793
