area,areaabs,firstpeak,peak,firsttrough,trough,otherpeaks,othertroughs
0.000222680767613495,1785.72585712851,7991,0.436969259529958,9931,-0.463870140779967,7991,9931
