area,areaabs,firstpeak,peak,firsttrough,trough,otherpeaks,othertroughs
9.06507239167776e-05,49.8619426845875,2427,0.0545766229685778,2164,-0.0532725693945795,2427,2164
