area,areaabs,firstpeak,peak,firsttrough,trough,otherpeaks,othertroughs
0.000434525215812565,400.792207905495,1715,0.203725832609909,178,-0.223447335545951,1715,178
