area,areaabs,firstpeak,peak,firsttrough,trough,otherpeaks,othertroughs
-9.83467376048911e-06,391.768960066629,6515,0.126420849767839,5517,-0.171777585225887,6515,5517
