area,areaabs,firstpeak,peak,firsttrough,trough,otherpeaks,othertroughs
1.615323688033e-06,506.529039464924,3049,0.112398757716563,6310,-0.244464568744115,3049,6310
