area,areaabs,firstpeak,peak,firsttrough,trough,otherpeaks,othertroughs
4.93070944906047e-08,48.058968713297,5654,0.0374531854669784,4893,-0.0390604540282143,5654,4893
