area,areaabs,firstpeak,peak,firsttrough,trough,otherpeaks,othertroughs
-2.53485022630444e-05,50.0301548783725,5735,0.0236137186611484,6478,-0.0266524207528917,5735,6478
