area,areaabs,firstpeak,peak,firsttrough,trough,otherpeaks,othertroughs
0.00025983047286259,1082.51293859492,5587,0.40895115484832,7758,-0.187242790810569,5587,7758
