area,areaabs,firstpeak,peak,firsttrough,trough,otherpeaks,othertroughs
0.000296065335495362,1098.36365391031,721,0.193106013240926,3290,-0.656768228478541,721,3290
