area,areaabs,firstpeak,peak,firsttrough,trough,otherpeaks,othertroughs
-9.44487184604324e-05,947.777014240945,5752,0.321346267397205,7265,-0.235453950259995,5752,7265
