area,areaabs,firstpeak,peak,firsttrough,trough,otherpeaks,othertroughs
-4.82281341247321e-05,9.9814311575588,608,0.00850857035944098,895,-0.00938271763699756,608,895
