area,areaabs,firstpeak,peak,firsttrough,trough,otherpeaks,othertroughs
-0.000320303374124816,9.88646994985048,3401,0.00966022832401743,2384,-0.0112675840227063,3401,2384
