area,areaabs,firstpeak,peak,firsttrough,trough,otherpeaks,othertroughs
-5.21889656654663e-05,42.1329449384152,450,0.0232087161956884,4925,-0.0253866654378333,450,4925
