area,areaabs,firstpeak,peak,firsttrough,trough,otherpeaks,othertroughs
0.000520666047233475,13.0907377973299,6699,0.00990325075487256,10093,-0.00845484193878535,6699,10093
