area,areaabs,firstpeak,peak,firsttrough,trough,otherpeaks,othertroughs
-0.000139173941815048,11.6120958711579,1502,0.0173123440070396,1471,-0.0114492094567054,1502,1471
