area,areaabs,firstpeak,peak,firsttrough,trough,otherpeaks,othertroughs
9.41927700375461e-06,57.7874543153952,4869,0.0499706351019792,388,-0.0359013699257949,4869,388
