area,areaabs,firstpeak,peak,firsttrough,trough,otherpeaks,othertroughs
-0.000122387886742683,14.4290748997182,4936,0.00813142094242604,5209,-0.00846359313581735,4936,5209
