area,areaabs,firstpeak,peak,firsttrough,trough,otherpeaks,othertroughs
-4.23694069730161e-06,62.0440036575341,1352,0.0430764247731268,902,-0.0430147853192588,1352,902
