area,areaabs,firstpeak,peak,firsttrough,trough,otherpeaks,othertroughs
-4.04895375497532e-05,11.8291877159668,10626,0.0086548643390328,6145,-0.00878506495021167,10626,6145
