area,areaabs,firstpeak,peak,firsttrough,trough,otherpeaks,othertroughs
0.000693056756387845,16.0563487295281,1869,0.0342545091561972,1999,-0.0274003549887217,1869,1999
