area,areaabs,firstpeak,peak,firsttrough,trough,otherpeaks,othertroughs
1.95028144043138e-05,29.5405877836891,5840,0.0103481905144199,5797,-0.0119213261959854,5840,5797
