area,areaabs,firstpeak,peak,firsttrough,trough,otherpeaks,othertroughs
-5.40930370564157e-05,12.6222216385749,2803,0.00857025026190767,5210,-0.00841117439923882,2803,5210
