area,areaabs,firstpeak,peak,firsttrough,trough,otherpeaks,othertroughs
2.25652346599382e-05,8.19465421596655,4628,0.00486961759209051,7495,-0.00524111733829337,4628,7495
