area,areaabs,firstpeak,peak,firsttrough,trough,otherpeaks,othertroughs
2.82245423580019e-05,10.0918070608124,5549,0.00395929469312899,5616,-0.00486168168184082,5549,5616
