area,areaabs,firstpeak,peak,firsttrough,trough,otherpeaks,othertroughs
-0.00016808210564757,1304.51903858877,1515,0.270232987983166,6828,-0.521603736237429,1515,6828
