area,areaabs,firstpeak,peak,firsttrough,trough,otherpeaks,othertroughs
0.000190420978249132,981.611959654477,8905,0.22439693758375,5021,-0.234201147408198,8905,5021
