area,areaabs,firstpeak,peak,firsttrough,trough,otherpeaks,othertroughs
-0.000201238193369926,1313.20562248917,5037,0.276810537274377,6786,-0.346708461443763,5037,6786
