area,areaabs,firstpeak,peak,firsttrough,trough,otherpeaks,othertroughs
5.19954539497858e-05,1574.32716107992,6014,0.738967724100094,1908,-0.327716752829175,6014,1908
