area,areaabs,firstpeak,peak,firsttrough,trough,otherpeaks,othertroughs
0.000283700352948031,2410.63563138516,5337,0.620756589865797,8340,-0.559055686272296,5337,8340
