area,areaabs,firstpeak,peak,firsttrough,trough,otherpeaks,othertroughs
-0.00014631951074532,736.692867811512,4816,0.305167798088503,2315,-0.156565208336303,4816,2315
