area,areaabs,firstpeak,peak,firsttrough,trough,otherpeaks,othertroughs
-0.000621748789223922,1832.38492884101,4605,0.507665831604126,2740,-0.659581936033783,4605,2740
