area,areaabs,firstpeak,peak,firsttrough,trough,otherpeaks,othertroughs
8.28667013455518e-05,2018.92829346836,9178,0.280150818232344,5051,-0.57270030484263,9178,5051
