area,areaabs,firstpeak,peak,firsttrough,trough,otherpeaks,othertroughs
0.000172474229354178,864.943436464809,4725,0.15606508181762,5747,-0.222859834870804,4725,5747
