area,areaabs,firstpeak,peak,firsttrough,trough,otherpeaks,othertroughs
0.000150931334975407,1287.33390068964,10841,0.246523632382153,6772,-0.315778033153035,10841,6772
