area,areaabs,firstpeak,peak,firsttrough,trough,otherpeaks,othertroughs
0.00121857707825682,1151.23502641642,7060,0.250616369357288,5753,-0.354498842239311,7060,5753
