area,areaabs,firstpeak,peak,firsttrough,trough,otherpeaks,othertroughs
0.00106963125494019,661.163152833177,902,0.537079010621077,2401,-0.416841699802662,902,2401
