area,areaabs,firstpeak,peak,firsttrough,trough,otherpeaks,othertroughs
-0.000556271639396698,1011.89544349415,1078,0.193807134741054,2568,-0.451146157975722,1078,2568
