average,totalmistakes,averagemistakes,percentmistakes
190.95652173913,272,11.8260869565217,0.0619307832422587
