average,totalmistakes,averagemistakes,percentmistakes
395.703703703704,612,22.6666666666667,0.0572819168850618
