average,totalmistakes,averagemistakes,percentmistakes
286.057142857143,563,16.0857142857143,0.0562325209748302
