average,totalmistakes,averagemistakes
246.911764705882,1031,30.3235294117647
