average,totalmistakes,averagemistakes
246.911764705882,1365,40.1470588235294
