average,totalmistakes,averagemistakes
399.714285714286,868,41.3333333333333
