average,totalmistakes,averagemistakes
119.212765957447,595,12.6595744680851
