area,areaabs,firstpeak,peak,firsttrough,trough,otherpeaks,othertroughs
-0.00119793790200467,20.4969499702496,106,0.0574831459086764,96,-0.0765215258215789,106,96
