area,areaabs,firstpeak,peak,firsttrough,trough,otherpeaks,othertroughs
0.00409567496770056,22.6826106772447,1444,0.0385673493787504,3521,-0.0532858299504498,1444,3521
