area,areaabs,firstpeak,peak,firsttrough,trough,otherpeaks,othertroughs
5.28099541789392e-05,3.8044994821676,2009,0.218659264222135,2010,-0.0564911103368972,2009,2010
