area,areaabs,firstpeak,peak,firsttrough,trough,otherpeaks,othertroughs
0.00065508887053117,194.413723472989,3214,0.166072189924373,2617,-0.189934772050738,3214,2617
