area,areaabs,firstpeak,peak,firsttrough,trough,otherpeaks,othertroughs
0.00126982179231363,327.263293373695,294,0.253999604098216,1385,-0.231908002872265,294,1385
