area,areaabs,firstpeak,peak,firsttrough,trough,otherpeaks,othertroughs
-2.17688613565639e-05,1.36984167858389,2006,0.00707709286702338,2008,-0.0137948756925381,2006,2008
