area,areaabs,firstpeak,peak,firsttrough,trough,otherpeaks,othertroughs
3.91998169994544e-05,1.71725572779001,548,0.00434855212000315,2561,-0.00256221106193393,548,2561
