area,areaabs,firstpeak,peak,firsttrough,trough,otherpeaks,othertroughs
-0.000931545313773555,567.377915010606,1922,0.4515855906681,3536,-0.34519883472972,1922,3536
