area,areaabs,firstpeak,peak,firsttrough,trough,otherpeaks,othertroughs
-0.000940939113218343,3.09709034326296,1099,0.00505714612260355,1057,-0.00561921635940883,1099,1057
