area,areaabs,firstpeak,peak,firsttrough,trough,otherpeaks,othertroughs
0.000132197397737892,23.2254894787497,678,0.0705530429079248,693,-0.0778404546199336,678,693
