area,areaabs,firstpeak,peak,firsttrough,trough,otherpeaks,othertroughs
-0.00344002712325165,453.301106656351,503,0.296530754409324,2129,-0.314105796085676,503,2129
