area,areaabs,firstpeak,peak,firsttrough,trough,otherpeaks,othertroughs
0.00116298062602553,134.980915042787,2813,0.107437571322317,1304,-0.106440146186698,2813,1304
