area,areaabs,firstpeak,peak,firsttrough,trough,otherpeaks,othertroughs
-0.00256641657160956,22.4232041466288,1965,0.155417369744532,1147,-0.144961737628286,1965,1147
