area,areaabs,firstpeak,peak,firsttrough,trough,otherpeaks,othertroughs
0.0142211170569141,32.3085992194711,2665,0.0997349829247193,1370,-0.0955899978681251,2665,1370
