area,areaabs,firstpeak,peak,firsttrough,trough,otherpeaks,othertroughs
-0.024846828544256,124.592747521664,2174,0.0822539409979192,946,-0.451831171742909,2174,946
