area,areaabs,firstpeak,peak,firsttrough,trough,otherpeaks,othertroughs
0.000674686220538648,351.113250891655,2309,0.22291655047213,3755,-0.19230044418577,2309,3755
