area,areaabs,firstpeak,peak,firsttrough,trough,otherpeaks,othertroughs
0.00172096121595654,5.52266948353228,2021,0.334555236107466,8,-0.16493881859839,2021,8
