area,areaabs,firstpeak,peak,firsttrough,trough,otherpeaks,othertroughs
5.28099541791324e-05,3.80449948216761,2021,0.218659264222135,2020,-0.0564911103368972,2021,2020
