area,areaabs,firstpeak,peak,firsttrough,trough,otherpeaks,othertroughs
-2.17688613565752e-05,1.36984167858389,2018,0.00707709286702338,2016,-0.0137948756925381,2018,2016
