area,areaabs,firstpeak,peak,firsttrough,trough,otherpeaks,othertroughs
-0.0309744155540084,1053.79303414738,2015,0.76092649225237,3372,-0.385204139186592,2015,3372
