area,areaabs,firstpeak,peak,firsttrough,trough,otherpeaks,othertroughs
0.000655088870526181,194.413723472989,810,0.166072189924373,1407,-0.189934772050738,810,1407
