area,areaabs,firstpeak,peak,firsttrough,trough,otherpeaks,othertroughs
0.00116298062602062,134.980915042787,1211,0.107437571322317,2720,-0.106440146186698,1211,2720
