area,areaabs,firstpeak,peak,firsttrough,trough,otherpeaks,othertroughs
-0.000600797294641591,3.64350525035155,2259,0.00823244668824842,2418,-0.00939132719357907,2259,2418
