area,areaabs,firstpeak,peak,firsttrough,trough,otherpeaks,othertroughs
-0.00437000758475488,23.2911743795593,2057,0.0636731815568379,2055,-0.0541602073068348,2057,2055
