area,areaabs,firstpeak,peak,firsttrough,trough,otherpeaks,othertroughs
-0.00145019770803906,6.96261024336786,1518,0.0111981153382639,1239,-0.0101941136552124,1518,1239
