area,areaabs,firstpeak,peak,firsttrough,trough,otherpeaks,othertroughs
-0.0227093349479331,830.671021332723,2015,0.587421431465351,638,-0.351315734662493,2015,638
