area,areaabs,firstpeak,peak,firsttrough,trough,otherpeaks,othertroughs
-0.00220485837456331,371.874253305442,3055,0.172325104759905,2056,-0.383536149866182,3055,2056
