area,areaabs,firstpeak,peak,firsttrough,trough,otherpeaks,othertroughs
-0.00171720232674323,304.254507421662,587,0.195753905368967,2213,-0.287353706313935,587,2213
