epochs,avgkeypermin,stdkeypermin,avgcleanedintervals,stdcleanedintervals,maxcleanedintervals,wpm,wpm_corrected,accuracy,totalwords
UP1,487.15625,325.613080241248,0.0875590632017966,0.331637894413336,23.8949999999968,63.1434082168652,36.3796782665791,92.1039127645927,2871.8
UP2,535.166666666667,330.045146685381,0.079723613707165,0.27330290687308,14.9400000000023,69.839414050411,42.6707847360508,92.7379172894868,2978
P1,255.96875,200.549645430397,0.162876267252962,0.84810107238669,28.5049999999974,35.2674379887631,27.8206901102988,95.6787109375,1567.6
P2,372.6875,279.933222163729,0.105923160808657,0.396305844583382,16.1899999999951,54.3402681534161,43.1975671373475,95.8832900142534,2287.2
REC,326.105263157895,303.581564133712,0.100221827575073,0.471769111767763,29.0440000000017,56.8709385380182,42.2182630071488,94.8523479102792,1175.6
