average,totalmistakes,averagemistakes
62.6282051282051,164,2.1025641025641
