average,totalmistakes,averagemistakes,percentmistakes
471.066666666667,679,22.6333333333333,0.0480469855646759
