average,totalmistakes,averagemistakes
348.857142857143,340,16.1904761904762
