average,totalmistakes,averagemistakes
118.177419354839,282,4.54838709677419
