average,totalmistakes,averagemistakes
252.655172413793,182,6.27586206896552
