average,totalmistakes,averagemistakes
252.655172413793,487,16.7931034482759
