area,areaabs,firstpeak,peak,firsttrough,trough,otherpeaks,othertroughs
-0.000324745168378214,34.008389839001,1561,0.160642220791194,1556,-0.0922873739700083,1561,1556
