average,totalmistakes,averagemistakes,percentmistakes
400.176470588235,72,2.11764705882353,0.00529178303689549
