average,totalmistakes,averagemistakes,percentmistakes
412.30303030303,4,0.121212121212121,0.000293987946494194
