average,totalmistakes,averagemistakes,percentmistakes
504.277777777778,14,0.777777777777778,0.00154235981051008
