area,areaabs,firstpeak,peak,firsttrough,trough,otherpeaks,othertroughs
0.00411305490992986,22.2774161436109,710,0.0627689721386357,2548,-0.0432042005269425,710,2548
