area,areaabs,firstpeak,peak,firsttrough,trough,otherpeaks,othertroughs
3.40344829240983e-05,7.89440290939311,2183,0.0106957034557533,2197,-0.0113003039447144,2183,2197
