area,areaabs,firstpeak,peak,firsttrough,trough,otherpeaks,othertroughs
0.00110380574794855,3.0830019046032,2481,0.00794407900244468,2912,-0.00892163175762879,2481,2912
