area,areaabs,firstpeak,peak,firsttrough,trough,otherpeaks,othertroughs
-0.0022153614377744,437.522617160585,620,0.281385643075099,1462,-0.296059748256438,620,1462
