area,areaabs,firstpeak,peak,firsttrough,trough,otherpeaks,othertroughs
-0.00117557525623169,457.917761403617,958,0.35541249848612,1664,-0.436720095693606,958,1664
