area,areaabs,firstpeak,peak,firsttrough,trough,otherpeaks,othertroughs
-0.00103591963159271,454.874040640895,2183,0.334290550336632,1432,-0.271293189063983,2183,1432
