trialnames,Var2
UP1,-1.28226174190607
UP2,1.28226174190606
P1,6.01342453260374
P2,12.0815726807519
Rec,10.9031215023007
