average,totalmistakes,averagemistakes,percentmistakes
124.264150943396,607,11.4528301886792,0.0921651989067719
