average,totalmistakes,averagemistakes,percentmistakes
160.634146341463,206,5.02439024390244,0.0312784694807167
