area,areaabs,firstpeak,peak,firsttrough,trough,otherpeaks,othertroughs
0.00376311064836672,9.35307700700448,996,0.0611243128069813,995,-0.048998027598618,996,995
