area,areaabs,firstpeak,peak,firsttrough,trough,otherpeaks,othertroughs
-0.000177256173915263,7.3847769159888,1032,0.0314708673609858,1019,-0.0278505207595133,1032,1019
