area,areaabs,firstpeak,peak,firsttrough,trough,otherpeaks,othertroughs
0.000293852881414078,5.06637628370904,3973,0.00982579498641406,3191,-0.0159830014405152,3973,3191
