area,areaabs,firstpeak,peak,firsttrough,trough,otherpeaks,othertroughs
4.38719393059658e-05,6.04834349754181,1916,0.019679299686238,1788,-0.0192722727686358,1916,1788
