area,areaabs,firstpeak,peak,firsttrough,trough,otherpeaks,othertroughs
-0.00136407934804748,5.01417456927076,2047,0.0128177259189497,1765,-0.0121648748915427,2047,1765
