area,areaabs,firstpeak,peak,firsttrough,trough,otherpeaks,othertroughs
-0.00279090219559158,512.55786025789,489,0.318221916253897,2395,-0.281217046399363,489,2395
