area,areaabs,firstpeak,peak,firsttrough,trough,otherpeaks,othertroughs
-4.79367314569578e-05,1.24912592615217,1378,0.00697938233581687,1250,-0.00771344328213892,1378,1250
