area,areaabs,firstpeak,peak,firsttrough,trough,otherpeaks,othertroughs
-0.000253284028583567,1.77402583669962,1074,0.00620506129300035,1855,-0.00512951646760474,1074,1855
