area,areaabs,firstpeak,peak,firsttrough,trough,otherpeaks,othertroughs
-0.00404016680958248,408.492197403522,2239,0.34265681442096,1493,-0.362874279107098,2239,1493
