area,areaabs,firstpeak,peak,firsttrough,trough,otherpeaks,othertroughs
-0.000467947385331549,3.57112189944509,2394,0.0102512463819363,990,-0.013684713567369,2394,990
