area,areaabs,firstpeak,peak,firsttrough,trough,otherpeaks,othertroughs
-0.000143744480543373,645.018164778266,3316,0.503390631789565,2132,-0.536474269759009,3316,2132
