area,areaabs,firstpeak,peak,firsttrough,trough,otherpeaks,othertroughs
-0.000784423178966433,460.048026230238,1113,0.447831073729092,1574,-0.343296838075187,1113,1574
