area,areaabs,firstpeak,peak,firsttrough,trough,otherpeaks,othertroughs
0.00010303291301717,2.40501640878234,3133,0.00942185944796056,3146,-0.00697284526719184,3133,3146
