area,areaabs,firstpeak,peak,firsttrough,trough,otherpeaks,othertroughs
1.01418164441036e-06,2.1935849098067,3561,0.00265803943789196,3621,-0.00249825526469951,3561,3621
