area,areaabs,firstpeak,peak,firsttrough,trough,otherpeaks,othertroughs
-0.000225319600040073,479.870656351213,2936,0.284732932561215,3888,-0.252263809179832,2936,3888
