area,areaabs,firstpeak,peak,firsttrough,trough,otherpeaks,othertroughs
-0.00050161971606852,25.850558786384,1021,0.142619891280741,1019,-0.105005682446361,1021,1019
