area,areaabs,firstpeak,peak,firsttrough,trough,otherpeaks,othertroughs
-0.00809143220723771,29.8149138266412,997,0.182197230593224,2405,-0.149876295076957,997,2405
