area,areaabs,firstpeak,peak,firsttrough,trough,otherpeaks,othertroughs
0.0160145162720155,629.129508635169,1605,0.32667525543471,3013,-0.249980852351418,1605,3013
