area,areaabs,firstpeak,peak,firsttrough,trough,otherpeaks,othertroughs
0.00417271305653824,14.5139548648908,1076,0.110445608290533,2051,-0.0587629005938021,1076,2051
