area,areaabs,firstpeak,peak,firsttrough,trough,otherpeaks,othertroughs
0.00118469445646217,14.6362137433296,1521,0.06591520711413,1701,-0.0971222044659346,1521,1701
