area,areaabs,firstpeak,peak,firsttrough,trough,otherpeaks,othertroughs
-0.0030490120969388,453.519971135095,2246,0.196442450852361,1203,-0.396011691914561,2246,1203
