area,areaabs,firstpeak,peak,firsttrough,trough,otherpeaks,othertroughs
-0.00224435550814161,378.785112721055,1180,0.203799348886199,2357,-0.270477873485391,1180,2357
