area,areaabs,firstpeak,peak,firsttrough,trough,otherpeaks,othertroughs
0.0136333221476107,617.66018896717,2116,0.599039772606936,1697,-0.314583284267231,2116,1697
