area,areaabs,firstpeak,peak,firsttrough,trough,otherpeaks,othertroughs
-0.0101064404888006,22.9404088804402,1797,0.106816306169045,1876,-0.0802562926835733,1797,1876
