area,areaabs,firstpeak,peak,firsttrough,trough,otherpeaks,othertroughs
0.0288668661732636,308.779635738138,2443,0.192668715470047,1410,-0.40790349651991,2443,1410
