area,areaabs,firstpeak,peak,firsttrough,trough,otherpeaks,othertroughs
-0.00289155925684188,587.616881776792,3092,0.450014190220561,2103,-0.369915783997705,3092,2103
