area,areaabs,firstpeak,peak,firsttrough,trough,otherpeaks,othertroughs
-7.79252473563132e-05,806.373478466978,1872,0.713950698870878,2952,-0.420268061116059,1872,2952
