area,areaabs,firstpeak,peak,firsttrough,trough,otherpeaks,othertroughs
-0.0151237718649447,177.789119092589,1361,0.179267718011503,614,-0.164614968496425,1361,614
