area,areaabs,firstpeak,peak,firsttrough,trough,otherpeaks,othertroughs
-0.0132251408846078,397.057905047709,3146,0.336979113912032,2535,-0.233881164706238,3146,2535
