area,areaabs,firstpeak,peak,firsttrough,trough,otherpeaks,othertroughs
0.0121061827460213,860.981336460332,2116,0.573301019406589,3408,-0.291939665716885,2116,3408
