area,areaabs,firstpeak,peak,firsttrough,trough,otherpeaks,othertroughs
-0.00187295492514851,12.5516533506668,2909,0.0428576845740661,2911,-0.0348014902837812,2909,2911
