area,areaabs,firstpeak,peak,firsttrough,trough,otherpeaks,othertroughs
0.00212243973132132,10.149654025512,3092,0.018927424992859,3222,-0.0275884904413243,3092,3222
