area,areaabs,firstpeak,peak,firsttrough,trough,otherpeaks,othertroughs
0.000548271064459542,3.3159335213362,2056,0.0120595671839304,628,-0.00730872206911164,2056,628
