area,areaabs,firstpeak,peak,firsttrough,trough,otherpeaks,othertroughs
0.00138421393616854,14.536428010489,2322,0.0300944741587633,2619,-0.0327077815407123,2322,2619
