area,areaabs,firstpeak,peak,firsttrough,trough,otherpeaks,othertroughs
-0.0013329091442672,21.1089500607745,1069,0.063319753439172,1066,-0.089284646981687,1069,1066
