area,areaabs,firstpeak,peak,firsttrough,trough,otherpeaks,othertroughs
7.37365691509738e-05,1.63523675396273,1121,0.00225958924041685,580,-0.00226185497030832,1121,580
