area,areaabs,firstpeak,peak,firsttrough,trough,otherpeaks,othertroughs
-3.22788344733601e-05,1.70049336840656,1695,0.00262408172175066,1692,-0.00295544442624881,1695,1692
