area,areaabs,firstpeak,peak,firsttrough,trough,otherpeaks,othertroughs
-0.00059459923184499,327.517625225342,2036,0.212572233096204,3103,-0.248680961155585,2036,3103
