area,areaabs,firstpeak,peak,firsttrough,trough,otherpeaks,othertroughs
3.59908838914775e-05,2.96407041202938,1443,0.00569494728891335,2084,-0.00417952294168637,1443,2084
