area,areaabs,firstpeak,peak,firsttrough,trough,otherpeaks,othertroughs
-0.000263993673271678,932.799460531204,1665,0.419583999755612,2810,-0.585720185135757,1665,2810
