area,areaabs,firstpeak,peak,firsttrough,trough,otherpeaks,othertroughs
0.00127610718341953,1.98784394899259,2054,0.00475399714949261,2052,-0.00341885542474968,2054,2052
