area,areaabs,firstpeak,peak,firsttrough,trough,otherpeaks,othertroughs
-4.53252522214813e-08,380.019704280541,2633,0.288753003819757,1536,-0.187841188511394,2633,1536
