area,areaabs,firstpeak,peak,firsttrough,trough,otherpeaks,othertroughs
4.33765504544628e-05,1.79998616764185,944,0.00336201700904088,2444,-0.0020386274527476,944,2444
