area,areaabs,firstpeak,peak,firsttrough,trough,otherpeaks,othertroughs
-0.000306427838823909,836.90531701036,1408,0.370648512871566,2888,-0.573971092491026,1408,2888
