area,areaabs,firstpeak,peak,firsttrough,trough,otherpeaks,othertroughs
-0.00078370011778998,297.252888784594,339,0.220991599327137,1333,-0.588812692994661,339,1333
