area,areaabs,firstpeak,peak,firsttrough,trough,otherpeaks,othertroughs
-0.00704595680030541,703.919662246129,2060,0.348149459179993,1123,-0.566595789505144,2060,1123
