area,areaabs,firstpeak,peak,firsttrough,trough,otherpeaks,othertroughs
-0.00877726492560844,16.0716728973165,947,0.136470962717678,945,-0.106673637746318,947,945
