area,areaabs,firstpeak,peak,firsttrough,trough,otherpeaks,othertroughs
0.00624699131939906,883.007136655379,914,0.286141566580899,2063,-0.751051863467856,914,2063
