area,areaabs,firstpeak,peak,firsttrough,trough,otherpeaks,othertroughs
-0.00575079502667881,31.4049783134022,1802,0.0814087543799455,2097,-0.0764673309391811,1802,2097
