area,areaabs,firstpeak,peak,firsttrough,trough,otherpeaks,othertroughs
0.000271861817368962,276.853484318776,2009,0.238734807378456,1668,-0.262978475179032,2009,1668
