area,areaabs,firstpeak,peak,firsttrough,trough,otherpeaks,othertroughs
0.00403752404576886,21.6872042487237,2056,0.10415188839781,628,-0.0494690751541813,2056,628
