area,areaabs,firstpeak,peak,firsttrough,trough,otherpeaks,othertroughs
-0.0179825272220814,838.559385195669,2194,0.64428711342733,1238,-0.35461846871942,2194,1238
