area,areaabs,firstpeak,peak,firsttrough,trough,otherpeaks,othertroughs
-0.0576456541510285,149.456392488539,1376,0.204416218533638,1013,-0.364891306070379,1376,1013
