area,areaabs,firstpeak,peak,firsttrough,trough,otherpeaks,othertroughs
0.0154238678491095,25.9537857120612,1650,0.09408151881597,403,-0.0685372668335678,1650,403
