area,areaabs,firstpeak,peak,firsttrough,trough,otherpeaks,othertroughs
-0.00484184052935279,200.168629291995,1082,0.190653826111586,1485,-0.193161719270132,1082,1485
