area,areaabs,firstpeak,peak,firsttrough,trough,otherpeaks,othertroughs
0.00103335980727944,12.4242770537621,1118,0.0561202698974998,580,-0.0570927937872296,1118,580
