area,areaabs,firstpeak,peak,firsttrough,trough,otherpeaks,othertroughs
-0.0036508084193153,888.130535310471,2062,0.673412912842078,414,-0.283789932489131,2062,414
