area,areaabs,firstpeak,peak,firsttrough,trough,otherpeaks,othertroughs
0.00525611242809566,600.217510761577,2062,0.382522472988889,535,-0.255287391219424,2062,535
