area,areaabs,firstpeak,peak,firsttrough,trough,otherpeaks,othertroughs
0.000738741109870115,371.54345845857,1946,0.243836538987429,1497,-0.34135610874267,1946,1497
