area,areaabs,firstpeak,peak,firsttrough,trough,otherpeaks,othertroughs
-0.0031469284925781,541.443352000199,2061,0.270187125371296,1208,-0.37463319075249,2061,1208
