average,totalmistakes,averagemistakes,percentmistakes
393.631578947368,390,20.5263157894737,0.0521460088247092
