average,totalmistakes,averagemistakes,percentmistakes
303.027027027027,424,11.4594594594595,0.0378166250445951
