average,totalmistakes,averagemistakes,percentmistakes
339.757575757576,477,14.4545454545455,0.0425437031751695
