average,totalmistakes,averagemistakes
393.631578947368,390,20.5263157894737
