average,totalmistakes,averagemistakes
303.027027027027,424,11.4594594594595
