area,areaabs,firstpeak,peak,firsttrough,trough,otherpeaks,othertroughs
6.35032639839138e-06,7.88621579197169,2001,0.0155496582844752,2437,-0.0127620148721634,2001,2437
