area,areaabs,firstpeak,peak,firsttrough,trough,otherpeaks,othertroughs
1.05919938424365e-05,2.08995329537219,2437,0.00973756230682525,2435,-0.00783641608224112,2437,2435
