area,areaabs,firstpeak,peak,firsttrough,trough,otherpeaks,othertroughs
0.000321069663288826,15.7342572573474,2158,0.103277106308681,2437,-0.0952983061120806,2158,2437
