area,areaabs,firstpeak,peak,firsttrough,trough,otherpeaks,othertroughs
0.00193769687660275,1035.87696690631,2814,0.449680138473068,1887,-0.699017026982451,2814,1887
