area,areaabs,firstpeak,peak,firsttrough,trough,otherpeaks,othertroughs
0.00126285182138096,589.669086587415,3114,0.444806441869623,1846,-0.432158552996153,3114,1846
