area,areaabs,firstpeak,peak,firsttrough,trough,otherpeaks,othertroughs
0.00489722898637785,647.261191819416,1870,0.419701104478782,935,-0.264162367969268,1870,935
