area,areaabs
-5.08972244913205e-05,116.490817842221
