area,areaabs
1.04066970731711e-05,112.906307650964
