area,areaabs
-1.95315356137461e-05,108.708189710971
