area,areaabs
-2.20695147951255e-05,81.6037702023012
