area,areaabs
1.34488830547832e-05,113.050942181222
