area,areaabs
-0.000347629662853178,1360.51097499844
