area,areaabs
-0.00025955008439621,1377.61266034322
