area,areaabs
-0.00273112792252885,1103.24579329502
