area,areaabs
0.00175530242861928,387.160285201546
