area,areaabs
-0.00917406676513082,73.6743166832574
