area,areaabs
4.04691728099176e-06,582.995540123413
