area,areaabs
0.00246590334411075,351.748893387987
