area,areaabs
-4.97252059917148e-05,324.309713324161
