area,areaabs
0.000769359621539701,462.967443239383
