area,areaabs
0.00610340510319875,423.392382113633
