area,areaabs
3.36567956313245e-05,458.654560652558
