area,areaabs
-0.131269005305518,583.335809007799
