area,areaabs
-0.274259347950727,105.881229707287
