area,areaabs
-0.398181014956026,101.967480469419
