area,areaabs
-0.174535271331753,389.529737823633
