area,areaabs
-0.414955985612479,40.6432049382476
