area,areaabs
-2.48858986195912e-06,112.634711729524
