area,areaabs
4.24812103519908e-06,90.3139874907081
