area,areaabs
1.52359630729291e-05,114.139019996962
