area,areaabs
0.000381598280856928,108.959618644731
