area,areaabs
7.56065250674824e-05,107.005383314258
