area,areaabs
0.00114154331941174,1304.56031459326
