area,areaabs
0.000897675541075156,271.713547996833
