area,areaabs
0.00152152497912556,1294.95651887827
