area,areaabs
0.00295998095555775,971.355337720523
