area,areaabs
-0.0128995888552905,656.73843549466
