area,areaabs
0.000150439277115632,486.997690391709
