area,areaabs
-0.000126543093306754,1048.99382292029
