area,areaabs
-2.52581066070936e-05,373.408910934359
