area,areaabs
-0.00116732695317207,477.561351158928
