area,areaabs
2.38754816756193e-05,551.274302439876
