area,areaabs
-0.000860644373831726,1001.17258208464
