area,areaabs
0.00413928576685017,1078.9525953641
