area,areaabs
-0.00538677161944849,308.482940178859
