area,areaabs
-0.11024087308283,624.841230676911
