area,areaabs
-0.00398234032945824,812.431909020555
