area,areaabs
-0.410549438594546,118.689449252057
