area,areaabs,firstpeak,peak,firsttrough,trough,otherpeaks,othertroughs
0.00403752404576918,21.6872042487236,2068,0.10415188839781,3496,-0.0494690751541813,2068,3496
