area,areaabs,firstpeak,peak,firsttrough,trough,otherpeaks,othertroughs
0.000548271064459403,3.3159335213362,2068,0.0120595671839304,3496,-0.00730872206911164,2068,3496
