area,areaabs,firstpeak,peak,firsttrough,trough,otherpeaks,othertroughs
0.00127610718341951,1.98784394899259,2066,0.00475399714949261,2068,-0.00341885542474968,2066,2068
