area,areaabs,firstpeak,peak,firsttrough,trough,otherpeaks,othertroughs
-0.00365080841925418,888.130535310474,2062,0.673412912842078,3710,-0.283789932489131,2062,3710
