area,areaabs,firstpeak,peak,firsttrough,trough,otherpeaks,othertroughs
-0.00030642783881699,836.905317010361,2712,0.370648512871566,1232,-0.573971092491026,2712,1232
