area,areaabs,firstpeak,peak,firsttrough,trough,otherpeaks,othertroughs
-0.00704595680029145,703.919662246128,2060,0.348149459179993,2997,-0.566595789505144,2060,2997
