area,areaabs,firstpeak,peak,firsttrough,trough,otherpeaks,othertroughs
0.000119480133290622,33.0969666302744,2759,0.110672958092162,2766,-0.154058527752078,2759,2766
