area,areaabs,firstpeak,peak,firsttrough,trough,otherpeaks,othertroughs
3.18554626016092e-06,1.65846525653945,580,0.00774721739678175,561,-0.0044034517977329,580,561
