area,areaabs,firstpeak,peak,firsttrough,trough,otherpeaks,othertroughs
-6.42259514101962e-06,9.2819009367115,636,0.0174929891441118,1215,-0.0201975245707342,636,1215
