area,areaabs,firstpeak,peak,firsttrough,trough,otherpeaks,othertroughs
5.50544749307269e-05,429.207339945049,1164,0.390944752448518,2962,-0.275203953209865,1164,2962
