area,areaabs,firstpeak,peak,firsttrough,trough,otherpeaks,othertroughs
-0.00464490889870557,304.014598598888,3712,0.156654671034312,1834,-0.26903373141432,3712,1834
