area,areaabs,firstpeak,peak,firsttrough,trough,otherpeaks,othertroughs
0.0100563436436255,406.500562087351,1875,0.204512446450997,2923,-0.281303571703523,1875,2923
