trialnames,Var2
UP1,0.278979591836736
UP2,-0.278979591836734
P1,-1.52807050092764
P2,3.89045437042742
Rec,4.90932229495572
