average,totalmistakes,averagemistakes
198.612903225806,116,3.74193548387097
