area,areaabs,firstpeak,peak,firsttrough,trough,otherpeaks,othertroughs
-0.000116783222835399,1.51175711066671,1975,0.0114333243633614,1973,-0.00932436908801089,1975,1973
