area,areaabs,firstpeak,peak,firsttrough,trough,otherpeaks,othertroughs
-0.00514178873009196,19.9228100815782,7,0.131683859740879,286,-0.127093418437877,7,286
