area,areaabs,firstpeak,peak,firsttrough,trough,otherpeaks,othertroughs
-0.00037530073530615,6.07033715118048,1540,0.0199151927481414,1537,-0.0187133832422633,1540,1537
