area,areaabs,firstpeak,peak,firsttrough,trough,otherpeaks,othertroughs
-0.000315655503933506,607.955327680508,740,0.446765798876112,1783,-0.435098283852484,740,1783
