area,areaabs,firstpeak,peak,firsttrough,trough,otherpeaks,othertroughs
-0.0105573731123537,780.757157399321,550,0.420668405787971,1460,-0.616498606302702,550,1460
