area,areaabs,firstpeak,peak,firsttrough,trough,otherpeaks,othertroughs
0.00331985571120486,526.244675577623,1420,0.537827757295122,2326,-0.348240114873351,1420,2326
