area,areaabs,firstpeak,peak,firsttrough,trough,otherpeaks,othertroughs
-4.79367314568909e-05,1.24912592615217,2850,0.00697938233581687,2978,-0.00771344328213892,2850,2978
