area,areaabs,firstpeak,peak,firsttrough,trough,otherpeaks,othertroughs
0.00118469445646214,14.6362137433295,2711,0.06591520711413,2531,-0.0971222044659346,2711,2531
