area,areaabs,firstpeak,peak,firsttrough,trough,otherpeaks,othertroughs
4.38719393057956e-05,6.04834349754181,2316,0.019679299686238,2444,-0.0192722727686358,2316,2444
