area,areaabs,firstpeak,peak,firsttrough,trough,otherpeaks,othertroughs
-1.27351721262162e-05,23.2382858588307,7,0.078315493207833,2220,-0.0429997490217045,7,2220
