area,areaabs,firstpeak,peak,firsttrough,trough,otherpeaks,othertroughs
-0.000143744480641731,645.018164778269,912,0.503390631789565,2096,-0.536474269759009,912,2096
