area,areaabs,firstpeak,peak,firsttrough,trough,otherpeaks,othertroughs
-0.00289155925682418,587.616881776793,1140,0.450014190220561,2129,-0.369915783997705,1140,2129
