area,areaabs,firstpeak,peak,firsttrough,trough,otherpeaks,othertroughs
-0.0202695014528726,920.263561829599,2162,0.637606164427452,3829,-0.351529323898653,2162,3829
