area,areaabs,firstpeak,peak,firsttrough,trough,otherpeaks,othertroughs
-7.79252474165418e-05,806.373478466978,2356,0.713950698870878,1276,-0.420268061116059,2356,1276
