area,areaabs,firstpeak,peak,firsttrough,trough,otherpeaks,othertroughs
0.000109853277109505,785.580594889289,3990,0.253586974861973,6281,-0.19248379238821,3990,6281
