area,areaabs,firstpeak,peak,firsttrough,trough,otherpeaks,othertroughs
-7.14580255890908e-05,82.1616298561028,11071,0.0426258194583171,10717,-0.0491045624596575,11071,10717
