area,areaabs,firstpeak,peak,firsttrough,trough,otherpeaks,othertroughs
8.72897819417469e-05,1538.11673162623,6378,0.321790595403778,2906,-0.390218547304721,6378,2906
