area,areaabs,firstpeak,peak,firsttrough,trough,otherpeaks,othertroughs
-0.000134866646302414,1036.43169287913,12127,0.162748709704913,7865,-0.444731058239811,12127,7865
