area,areaabs,firstpeak,peak,firsttrough,trough,otherpeaks,othertroughs
-4.17025326356747e-05,462.381214525065,10376,0.157020682204839,9489,-0.169736725561564,10376,9489
