area,areaabs,firstpeak,peak,firsttrough,trough,otherpeaks,othertroughs
1.38191828606887e-06,37.4094830597392,847,0.143180304440398,842,-0.117949459500198,847,842
