area,areaabs,firstpeak,peak,firsttrough,trough,otherpeaks,othertroughs
2.09359444038452e-05,64.9642885067548,3044,0.0475251981239903,1493,-0.0412078766710551,3044,1493
