area,areaabs,firstpeak,peak,firsttrough,trough,otherpeaks,othertroughs
-1.3101552951142e-06,89.2914614509505,7090,0.035958069496924,4012,-0.0351475751395748,7090,4012
