area,areaabs,firstpeak,peak,firsttrough,trough,otherpeaks,othertroughs
3.5064641284843e-05,728.428032239507,4720,0.209803656684723,7786,-0.178142188443742,4720,7786
