area,areaabs,firstpeak,peak,firsttrough,trough,otherpeaks,othertroughs
0.000235602332156453,81.2336486706751,6500,0.0329315449870986,9667,-0.0355614326225685,6500,9667
