area,areaabs,firstpeak,peak,firsttrough,trough,otherpeaks,othertroughs
0.000469538053625915,1489.16810875807,7927,0.27058675633991,4861,-0.227717362469253,7927,4861
