area,areaabs,firstpeak,peak,firsttrough,trough,otherpeaks,othertroughs
-1.69977097196547e-06,55.2127987807553,1044,0.0368127679160176,1548,-0.0483993233996309,1044,1548
