area,areaabs,firstpeak,peak,firsttrough,trough,otherpeaks,othertroughs
4.94587812619837e-05,1617.5511543012,4835,0.516468905540843,1647,-0.246976488782288,4835,1647
