area,areaabs,firstpeak,peak,firsttrough,trough,otherpeaks,othertroughs
0.000218570524646368,1803.08992946221,1418,0.345776650767423,3844,-0.530920701570681,1418,3844
