area,areaabs,firstpeak,peak,firsttrough,trough,otherpeaks,othertroughs
0.000525557473043271,1145.76901291532,9849,0.249428773809084,7484,-0.23375514840078,9849,7484
