area,areaabs,firstpeak,peak,firsttrough,trough,otherpeaks,othertroughs
2.81026949599866e-05,989.007154754851,3676,0.291125858327402,6190,-0.177358557312484,3676,6190
