area,areaabs,firstpeak,peak,firsttrough,trough,otherpeaks,othertroughs
-0.000194738388431701,361.782849039912,12509,0.0756324064333579,15125,-0.0916154369006995,12509,15125
