area,areaabs,firstpeak,peak,firsttrough,trough,otherpeaks,othertroughs
-1.04436749514436e-05,403.302303260873,10505,0.265524274653129,10213,-0.171681738595082,10505,10213
