area,areaabs,firstpeak,peak,firsttrough,trough,otherpeaks,othertroughs
-6.02387171610705e-05,33.7739404314704,5354,0.0334580253371338,5039,-0.0293479148783993,5354,5039
