area,areaabs,firstpeak,peak,firsttrough,trough,otherpeaks,othertroughs
-2.74064557779709e-05,8.53090938961077,9575,0.00349828803768922,9591,-0.00347451764946406,9575,9591
