area,areaabs,firstpeak,peak,firsttrough,trough,otherpeaks,othertroughs
5.37666300506009e-05,11.638607623331,4558,0.0129750490815053,3079,-0.0111775160610111,4558,3079
