area,areaabs,firstpeak,peak,firsttrough,trough,otherpeaks,othertroughs
-0.000199580768882218,12.7085565296417,4790,0.00900558424640287,13070,-0.00716222648189445,4790,13070
