area,areaabs,firstpeak,peak,firsttrough,trough,otherpeaks,othertroughs
0.00033457265426345,6.62096648834017,2643,0.00895776806385801,1231,-0.00821162888261505,2643,1231
