area,areaabs,firstpeak,peak,firsttrough,trough,otherpeaks,othertroughs
-0.00010206616334738,41.6908005036993,5756,0.0231476914107841,5218,-0.0180127873729012,5756,5218
