area,areaabs,firstpeak,peak,firsttrough,trough,otherpeaks,othertroughs
0.000359935482279142,14.8393263807256,1231,0.019952586012809,256,-0.0130988450653779,1231,256
