area,areaabs,firstpeak,peak,firsttrough,trough,otherpeaks,othertroughs
6.59097776976605e-05,43.7476932733146,6716,0.0172800918460642,6776,-0.0134853167855101,6716,6776
