area,areaabs,firstpeak,peak,firsttrough,trough,otherpeaks,othertroughs
9.39960296949702e-05,10.3407623145371,8312,0.00435141960480754,8150,-0.00554374605085905,8312,8150
