area,areaabs,firstpeak,peak,firsttrough,trough,otherpeaks,othertroughs
9.60233225729701e-06,24.8062194159872,3506,0.0120415506118507,3846,-0.0126953547032725,3506,3846
