area,areaabs,firstpeak,peak,firsttrough,trough,otherpeaks,othertroughs
-4.08165120565954e-06,6.72952639792974,7632,0.00230535900511726,6109,-0.00246544780241002,7632,6109
