area,areaabs,firstpeak,peak,firsttrough,trough,otherpeaks,othertroughs
0.000122316252242338,7.59489628226545,2691,0.0061732459653783,4502,-0.00543887659466072,2691,4502
