area,areaabs,firstpeak,peak,firsttrough,trough,otherpeaks,othertroughs
-2.09226748906756e-05,22.3407513103613,3764,0.00770398275918418,7105,-0.00752010188706758,3764,7105
