area,areaabs,firstpeak,peak,firsttrough,trough,otherpeaks,othertroughs
0.000676653179755343,11.7173784355204,4070,0.0132666649501716,3990,-0.0111774950240486,4070,3990
