area,areaabs,firstpeak,peak,firsttrough,trough,otherpeaks,othertroughs
-3.9473087730624e-05,8.34073701757608,14590,0.003768116435667,10805,-0.00498073948100008,14590,10805
