area,areaabs,firstpeak,peak,firsttrough,trough,otherpeaks,othertroughs
7.82214142983162e-05,1450.67856516816,3073,0.480564217940713,6119,-0.392182466878951,3073,6119
