area,areaabs,firstpeak,peak,firsttrough,trough,otherpeaks,othertroughs
-0.000277650529475753,2194.65245076283,4800,0.638888057016051,3195,-0.762276451784744,4800,3195
