area,areaabs,firstpeak,peak,firsttrough,trough,otherpeaks,othertroughs
0.000507563733601149,1440.50730651837,10035,0.220887006747253,7357,-0.262406281442717,10035,7357
