area,areaabs,firstpeak,peak,firsttrough,trough,otherpeaks,othertroughs
-0.000115966168767412,1801.52740662418,6760,0.324832315026308,12000,-0.598812138946608,6760,12000
