area,areaabs,firstpeak,peak,firsttrough,trough,otherpeaks,othertroughs
-0.000655539044943998,3400.50611290585,5231,0.384286213205819,8522,-0.706233777397061,5231,8522
