area,areaabs,firstpeak,peak,firsttrough,trough,otherpeaks,othertroughs
2.80347140889203e-05,1195.79360461705,11359,0.248767076679869,5153,-0.155921437584177,11359,5153
