area,areaabs,firstpeak,peak,firsttrough,trough,otherpeaks,othertroughs
-1.66691431729813e-05,2324.53597282605,8107,0.784962690555583,10476,-0.298781754315462,8107,10476
