area,areaabs,firstpeak,peak,firsttrough,trough,otherpeaks,othertroughs
6.78481462113914e-06,936.021379416386,8128,0.584414709888881,10591,-0.181148131756586,8128,10591
