area,areaabs,firstpeak,peak,firsttrough,trough,otherpeaks,othertroughs
0.000100359009774091,1701.59942669745,11322,0.320154346235028,7388,-0.278335921153684,11322,7388
