area,areaabs,firstpeak,peak,firsttrough,trough,otherpeaks,othertroughs
0.000334503392300756,1972.06992810609,1839,0.351537316622641,4799,-0.494383920927489,1839,4799
