area,areaabs,firstpeak,peak,firsttrough,trough,otherpeaks,othertroughs
-0.000219472379439055,1410.72195201122,6418,0.233533282561203,11708,-0.521312124180072,6418,11708
