area,areaabs,firstpeak,peak,firsttrough,trough,otherpeaks,othertroughs
0.000176808034129709,704.005952436891,1401,0.385997430015108,3121,-0.393505522180064,1401,3121
