area,areaabs,firstpeak,peak,firsttrough,trough,otherpeaks,othertroughs
-3.17286383869626e-05,1533.39243344431,10700,0.328964958671247,12812,-0.215187970723702,10700,12812
