average,totalmistakes,averagemistakes,percentmistakes
87.9032258064516,197,6.35483870967742,0.0722935779816514
