average,totalmistakes,averagemistakes,percentmistakes
64.6785714285714,68,2.42857142857143,0.037548315847598
