average,totalmistakes,averagemistakes,percentmistakes
47.8070175438597,88,1.54385964912281,0.0322935779816514
