area,areaabs,firstpeak,peak,firsttrough,trough,otherpeaks,othertroughs
0.0111434609466251,22.9440467711261,3510,0.0804964693294962,3530,-0.0950013788051898,3510,3530
