area,areaabs,firstpeak,peak,firsttrough,trough,otherpeaks,othertroughs
-0.0420338245858781,543.288002050911,342,0.249120404065705,1405,-0.357917970745523,342,1405
