area,areaabs,firstpeak,peak,firsttrough,trough,otherpeaks,othertroughs
-0.00706828141589362,349.126838142483,1889,0.245292644779947,1626,-0.193423106173332,1889,1626
