average,totalmistakes,averagemistakes
47.8070175438597,88,1.54385964912281
