area,areaabs
-1.06134963050956e-05,111.967421796549
