area,areaabs
3.85502785622758e-06,116.019056506097
