area,areaabs
1.19927861193867e-05,113.306813372561
