area,areaabs
1.67607323276232e-07,111.373163262459
