area,areaabs
0.000102255015008863,117.585534752879
