area,areaabs
-1.89910315685432e-05,96.0691211981722
