area,areaabs
-0.000151212245899373,439.935386173153
