area,areaabs
-0.00423995876771413,662.268064995213
