area,areaabs
-0.00181294151712191,1223.26216163345
