area,areaabs
-5.44546015489866e-05,1351.14207338743
