area,areaabs
0.00257203601880301,856.736144954706
