area,areaabs
0.000308281522195975,389.457198441795
