area,areaabs
0.000361694219473161,511.828382957241
