area,areaabs
0.000156310038059905,700.351587347683
