area,areaabs
0.000494581792507468,900.715849082605
