area,areaabs
-0.000474907456435724,431.34179491862
