area,areaabs
-0.152731949118198,436.937179718446
