area,areaabs
-0.163182906207534,591.554487935842
