area,areaabs
-0.188050874250704,464.105524636916
