area,areaabs
-0.0248595972450179,401.224689405246
