area,areaabs
-0.131692561968141,759.745838368527
