area,areaabs,firstpeak,peak,firsttrough,trough,otherpeaks,othertroughs
-2.39305814707314e-05,41.0286572501572,2997,0.0345894212755731,3380,-0.0405483688315652,2997,3380
