area,areaabs,firstpeak,peak,firsttrough,trough,otherpeaks,othertroughs
1.68008287925721e-05,356.02629481082,1033,0.240262809682637,1606,-0.332175030752166,1033,1606
