area,areaabs,firstpeak,peak,firsttrough,trough,otherpeaks,othertroughs
-2.86996499118363e-05,583.356232049108,2400,0.864030030802674,749,-0.236371069256928,2400,749
