area,areaabs,firstpeak,peak,firsttrough,trough,otherpeaks,othertroughs
0.000108790506395586,1391.25354772336,5045,0.592066490316652,8092,-0.25187555295446,5045,8092
