area,areaabs,firstpeak,peak,firsttrough,trough,otherpeaks,othertroughs
1.88931700032096e-05,710.141373213278,9574,0.175605214117495,7353,-0.290994389425446,9574,7353
