area,areaabs,firstpeak,peak,firsttrough,trough,otherpeaks,othertroughs
5.52560053984167e-05,725.351795594747,7863,0.202148939896674,6877,-0.2567342865188,7863,6877
