area,areaabs,firstpeak,peak,firsttrough,trough,otherpeaks,othertroughs
2.0409100083864e-06,737.115265539842,8014,0.224713495893473,5905,-0.250891257522833,8014,5905
