area,areaabs,firstpeak,peak,firsttrough,trough,otherpeaks,othertroughs
6.18085724216038e-05,1742.28944419564,1600,0.385829094972666,4799,-0.413930103435832,1600,4799
