area,areaabs,firstpeak,peak,firsttrough,trough,otherpeaks,othertroughs
1.6571494622193e-05,448.657355656532,7308,0.178856165985196,3278,-0.218361375964439,7308,3278
