area,areaabs,firstpeak,peak,firsttrough,trough,otherpeaks,othertroughs
-1.81954550266791e-05,97.3919651570633,7550,0.0703888355400585,6421,-0.0566987807840139,7550,6421
