area,areaabs,firstpeak,peak,firsttrough,trough,otherpeaks,othertroughs
0.000168840319602109,9.49972876860804,9769,0.00587797026916565,7779,-0.0044121084670082,9769,7779
