area,areaabs,firstpeak,peak,firsttrough,trough,otherpeaks,othertroughs
-0.000131731188906309,9.03071079772227,9992,0.0132857782265998,9967,-0.0109981585679703,9992,9967
