area,areaabs,firstpeak,peak,firsttrough,trough,otherpeaks,othertroughs
-7.52555947729037e-05,10.377490960189,5780,0.00524177907063955,5090,-0.00542579608449199,5780,5090
