area,areaabs,firstpeak,peak,firsttrough,trough,otherpeaks,othertroughs
-4.55907681658736e-05,14.8131799294706,3535,0.00702295070556473,4632,-0.00782040063204553,3535,4632
