area,areaabs,firstpeak,peak,firsttrough,trough,otherpeaks,othertroughs
2.61954701940515e-05,27.8159498605099,6639,0.0146948412934522,6578,-0.0138685838058959,6639,6578
