area,areaabs,firstpeak,peak,firsttrough,trough,otherpeaks,othertroughs
-0.000311438834409541,15.5834375002235,9682,0.0110094564804504,9772,-0.0167127748344673,9682,9772
