area,areaabs,firstpeak,peak,firsttrough,trough,otherpeaks,othertroughs
-0.000148442703885925,1299.68494928396,3229,0.153865954997688,7287,-0.483386353525814,3229,7287
