area,areaabs,firstpeak,peak,firsttrough,trough,otherpeaks,othertroughs
-4.34426679333213e-05,1162.24342937738,1842,0.180407744273017,6324,-0.213076464360329,1842,6324
