area,areaabs,firstpeak,peak,firsttrough,trough,otherpeaks,othertroughs
-0.000383792469143403,3561.40384976845,11377,0.510510461527206,6952,-0.696717246889923,11377,6952
