area,areaabs,firstpeak,peak,firsttrough,trough,otherpeaks,othertroughs
-0.000248863482648415,2240.2212462291,4268,0.698619902790232,2617,-0.703463398178439,4268,2617
