area,areaabs,firstpeak,peak,firsttrough,trough,otherpeaks,othertroughs
-3.70480545110751e-05,1529.89728601542,9548,0.403051798514171,7142,-0.246612301333135,9548,7142
