area,areaabs,firstpeak,peak,firsttrough,trough,otherpeaks,othertroughs
4.44044426169074e-05,1403.08323406752,6465,0.585026637897368,3904,-0.216873629775368,6465,3904
