area,areaabs,firstpeak,peak,firsttrough,trough,otherpeaks,othertroughs
2.00346725530695e-05,1881.80801472953,2575,0.307047655944717,5814,-0.602876629163253,2575,5814
