area,areaabs,firstpeak,peak,firsttrough,trough,otherpeaks,othertroughs
-6.60424074305903e-05,1112.01957974312,1991,0.161590586894658,6210,-0.288737085759649,1991,6210
