area,areaabs,firstpeak,peak,firsttrough,trough,otherpeaks,othertroughs
-0.000360848848631227,2045.14790281976,9522,0.242032244715992,6244,-0.663166836821072,9522,6244
