area,areaabs,firstpeak,peak,firsttrough,trough,otherpeaks,othertroughs
0.00190572499210157,21.5296193672455,4025,0.0697177054844162,3589,-0.0661307763415915,4025,3589
