area,areaabs,firstpeak,peak,firsttrough,trough,otherpeaks,othertroughs
0.000168764721261727,10.7509222269707,2192,0.0180331028481525,2508,-0.0172644670544704,2192,2508
