area,areaabs,firstpeak,peak,firsttrough,trough,otherpeaks,othertroughs
0.000206459328547803,1.75064251330122,3935,0.00207110565682625,3587,-0.00251081346468497,3935,3587
