area,areaabs,firstpeak,peak,firsttrough,trough,otherpeaks,othertroughs
-0.015190303100374,808.137380226002,1780,0.418309422950374,2646,-0.591419269358299,1780,2646
