area,areaabs,firstpeak,peak,firsttrough,trough,otherpeaks,othertroughs
0.000189764387000249,351.209029870215,2414,0.314410601657607,3379,-0.340067314268224,2414,3379
