area,areaabs,firstpeak,peak,firsttrough,trough,otherpeaks,othertroughs
-0.0048366655976517,320.763920569441,1395,0.196505665551321,2283,-0.272364482350593,1395,2283
