area,areaabs,firstpeak,peak,firsttrough,trough,otherpeaks,othertroughs
0.0267456800483945,32.0285241235909,1615,0.0883815052149995,283,-0.0735754814456327,1615,283
