average,totalmistakes,averagemistakes,percentmistakes
294.366666666667,310,10.3333333333333,0.0351036122749405
