area,areaabs,firstpeak,peak,firsttrough,trough,otherpeaks,othertroughs
-0.000253284028583523,1.77402583669962,3156,0.00620506129300035,2375,-0.00512951646760474,3156,2375
