area,areaabs,firstpeak,peak,firsttrough,trough,otherpeaks,othertroughs
0.00417271305653846,14.5139548648907,3156,0.110445608290533,2181,-0.0587629005938021,3156,2181
