area,areaabs,firstpeak,peak,firsttrough,trough,otherpeaks,othertroughs
0.000293852881414237,5.06637628370906,259,0.00982579498641406,1041,-0.0159830014405152,259,1041
