area,areaabs,firstpeak,peak,firsttrough,trough,otherpeaks,othertroughs
-0.000784423178979777,460.048026230239,3117,0.447831073729092,2656,-0.343296838075187,3117,2656
