area,areaabs,firstpeak,peak,firsttrough,trough,otherpeaks,othertroughs
0.0136333221476583,617.66018896717,2116,0.599039772606936,2535,-0.314583284267231,2116,2535
