area,areaabs,firstpeak,peak,firsttrough,trough,otherpeaks,othertroughs
-0.00304901209698348,453.519971135095,1984,0.196442450852361,3027,-0.396011691914561,1984,3027
