area,areaabs
0.000198012020761262,249.109808312187
