area,areaabs
-0.000703619758577499,978.007337490658
