area,areaabs
-0.00191411134154278,277.608029437935
