area,areaabs
0.000917783009965447,731.779134095441
