area,areaabs
0.000365844027315129,344.388603779627
