area,areaabs
-0.0611027801098368,1111.75744327477
