area,areaabs
0.172095321689656,43.1751684498975
