area,areaabs,firstpeak,peak,firsttrough,trough,otherpeaks,othertroughs
0.000168764721261605,10.7509222269707,1840,0.0180331028481525,1524,-0.0172644670544704,1840,1524
