area,areaabs,firstpeak,peak,firsttrough,trough,otherpeaks,othertroughs
-0.000173812934901409,12.1501076166681,2227,0.0163907668216329,2100,-0.0193874327325105,2227,2100
