area,areaabs,firstpeak,peak,firsttrough,trough,otherpeaks,othertroughs
-4.70929007451587e-05,12.9388866145367,1664,0.036143799078603,1506,-0.0421023740989152,1664,1506
