area,areaabs,firstpeak,peak,firsttrough,trough,otherpeaks,othertroughs
6.07460597723873e-05,6.6050535839852,2534,0.0235111936692856,2036,-0.01742607379439,2534,2036
