area,areaabs,firstpeak,peak,firsttrough,trough,otherpeaks,othertroughs
-0.000382802034090978,3.55735978229081,1497,0.00610660295293123,498,-0.00494832981852538,1497,498
