area,areaabs,firstpeak,peak,firsttrough,trough,otherpeaks,othertroughs
4.92885458576813e-05,2.89042533602444,3979,0.0044877213943198,1576,-0.00399853149601344,3979,1576
