area,areaabs,firstpeak,peak,firsttrough,trough,otherpeaks,othertroughs
0.000302317568904062,483.652113105901,2057,0.368552153602555,2489,-0.492737704749916,2057,2489
