area,areaabs,firstpeak,peak,firsttrough,trough,otherpeaks,othertroughs
-8.24171672034407e-05,1.47504977534533,957,0.00325921071196212,66,-0.00387542185386339,957,66
