area,areaabs,firstpeak,peak,firsttrough,trough,otherpeaks,othertroughs
0.000189764386979921,351.209029870216,1612,0.314410601657607,647,-0.340067314268224,1612,647
