area,areaabs,firstpeak,peak,firsttrough,trough,otherpeaks,othertroughs
-0.00131511238428221,494.949974893336,2789,0.381964708235551,1512,-0.328171568763125,2789,1512
