area,areaabs,firstpeak,peak,firsttrough,trough,otherpeaks,othertroughs
-0.00285167817214093,415.707414190799,1786,0.516369145701041,1358,-0.538515516358004,1786,1358
