area,areaabs,firstpeak,peak,firsttrough,trough,otherpeaks,othertroughs
-0.000142916898603998,1.46991756437521,2574,0.00235548532962338,1487,-0.00247601477784089,2574,1487
