area,areaabs,firstpeak,peak,firsttrough,trough,otherpeaks,othertroughs
-9.00514606978858e-05,304.967553222724,3018,0.28064923973388,2709,-0.275280309312904,3018,2709
