area,areaabs,firstpeak,peak,firsttrough,trough,otherpeaks,othertroughs
-0.000324993048076074,3.6854485418736,2006,0.00862082301501383,495,-0.00763026318187473,2006,495
