area,areaabs,firstpeak,peak,firsttrough,trough,otherpeaks,othertroughs
0.000206459328547811,1.75064251330121,91,0.00207110565682625,439,-0.00251081346468497,91,439
