area,areaabs,firstpeak,peak,firsttrough,trough,otherpeaks,othertroughs
-0.00391636557994459,826.540242165468,2890,0.321391798587662,1482,-0.738773798269202,2890,1482
