area,areaabs,firstpeak,peak,firsttrough,trough,otherpeaks,othertroughs
-0.015190303100393,808.137380226003,2252,0.418309422950374,1386,-0.591419269358299,2252,1386
