area,areaabs,firstpeak,peak,firsttrough,trough,otherpeaks,othertroughs
-0.00837016129640789,398.932850236346,2519,0.228038822407593,3417,-0.244414486535758,2519,3417
