area,areaabs,firstpeak,peak,firsttrough,trough,otherpeaks,othertroughs
-0.0121317194110254,174.913507867916,1150,0.186131155450747,698,-0.127030122793341,1150,698
