area,areaabs,firstpeak,peak,firsttrough,trough,otherpeaks,othertroughs
0.0019057249921019,21.5296193672456,7,0.0697177054844162,443,-0.0661307763415915,7,443
