area,areaabs,firstpeak,peak,firsttrough,trough,otherpeaks,othertroughs
0.000428912485619523,25.4394077336365,1540,0.174458135843331,1524,-0.0982152099134301,1540,1524
