area,areaabs,firstpeak,peak,firsttrough,trough,otherpeaks,othertroughs
-0.0846014105684633,172.712107264656,1894,0.110273432156583,1241,-0.21039242895494,1894,1241
