area,areaabs,firstpeak,peak,firsttrough,trough,otherpeaks,othertroughs
-0.00665077278536141,148.64905421394,2683,0.126871333596409,628,-0.0962940133159513,2683,628
