area,areaabs,firstpeak,peak,firsttrough,trough,otherpeaks,othertroughs
0.000772160849052328,10.8304034888174,2010,0.0468067289303401,499,-0.0383565427370065,2010,499
