area,areaabs,firstpeak,peak,firsttrough,trough,otherpeaks,othertroughs
0.00320584386242931,315.162910888012,2906,0.218755609014359,2385,-0.22764452276895,2906,2385
