area,areaabs,firstpeak,peak,firsttrough,trough,otherpeaks,othertroughs
-0.00370852391698722,458.733587187244,334,0.221451986311304,647,-0.275987072506657,334,647
