area,areaabs,firstpeak,peak,firsttrough,trough,otherpeaks,othertroughs
-0.00483666559764158,320.763920569441,2631,0.196505665551321,1743,-0.272364482350593,2631,1743
