area,areaabs,firstpeak,peak,firsttrough,trough,otherpeaks,othertroughs
-0.000821513996621536,27.2109153279183,1970,0.139552687602379,1969,-0.206866561827036,1970,1969
