area,areaabs,firstpeak,peak,firsttrough,trough,otherpeaks,othertroughs
-0.0147281111994775,474.660565315852,2579,0.334973960049611,1492,-0.326252969446186,2579,1492
