average,totalmistakes,averagemistakes,percentmistakes
457.970588235294,452,13.2941176470588,0.0290283218804187
