average,totalmistakes,averagemistakes,percentmistakes
118.434782608696,261,11.3478260869565,0.0958149779735683
