area,areaabs,firstpeak,peak,firsttrough,trough,otherpeaks,othertroughs
0.000504688276182348,6.36287398501671,1839,0.00917084085049394,2551,-0.0105922807852561,1839,2551
