area,areaabs,firstpeak,peak,firsttrough,trough,otherpeaks,othertroughs
-1.57096076608559e-05,6.18168994011005,959,0.0216041677217494,967,-0.0181682111157652,959,967
