area,areaabs,firstpeak,peak,firsttrough,trough,otherpeaks,othertroughs
-0.000166136789824757,3.26428743674088,686,0.00697525625590437,690,-0.00591981545656898,686,690
