area,areaabs,firstpeak,peak,firsttrough,trough,otherpeaks,othertroughs
0.00055862834963766,13.160689640323,1996,0.0170278334317048,2384,-0.0186009958820623,1996,2384
