area,areaabs,firstpeak,peak,firsttrough,trough,otherpeaks,othertroughs
4.26185216011356e-06,1.9206907392218,1333,0.00498270475291844,247,-0.00335682757942898,1333,247
