area,areaabs,firstpeak,peak,firsttrough,trough,otherpeaks,othertroughs
4.08397562140198e-06,1.59121525571739,2488,0.00216083655123639,2550,-0.0025117476257922,2488,2550
