area,areaabs,firstpeak,peak,firsttrough,trough,otherpeaks,othertroughs
0.000569788996021117,383.595940890786,1974,0.410742072136089,2387,-0.379330238658105,1974,2387
