area,areaabs,firstpeak,peak,firsttrough,trough,otherpeaks,othertroughs
-0.00161668409724173,608.80405788676,1700,0.384068621608494,3055,-0.381664696156995,1700,3055
