area,areaabs,firstpeak,peak,firsttrough,trough,otherpeaks,othertroughs
0.00100097889649639,571.006146525298,2053,0.465998047584994,519,-0.244990833707618,2053,519
