area,areaabs,firstpeak,peak,firsttrough,trough,otherpeaks,othertroughs
0.000145148179121077,616.785174246629,1839,0.422468160421381,3261,-0.474181433645426,1839,3261
