area,areaabs,firstpeak,peak,firsttrough,trough,otherpeaks,othertroughs
0.000522663151823597,4.72450787047445,2831,0.00715227006847848,2719,-0.00648163404080396,2831,2719
