area,areaabs,firstpeak,peak,firsttrough,trough,otherpeaks,othertroughs
-0.000235542281696553,468.415888017422,1461,0.658932058394405,530,-0.201513166818202,1461,530
