area,areaabs,firstpeak,peak,firsttrough,trough,otherpeaks,othertroughs
0.000878418534059993,6.65188747012723,245,0.0339872415564265,2138,-0.0390087559801337,245,2138
