area,areaabs,firstpeak,peak,firsttrough,trough,otherpeaks,othertroughs
7.57226066362332e-05,1.94072270992601,1491,0.00437655783815148,1007,-0.00409427404158278,1491,1007
