area,areaabs,firstpeak,peak,firsttrough,trough,otherpeaks,othertroughs
0.00119082668682018,5.76639614401006,3113,0.00869112261606677,3296,-0.00613920599963408,3113,3296
