area,areaabs,firstpeak,peak,firsttrough,trough,otherpeaks,othertroughs
-0.0209960419007537,344.838715784791,2089,0.314925895662185,855,-0.180840515179831,2089,855
