area,areaabs,firstpeak,peak,firsttrough,trough,otherpeaks,othertroughs
0.00197690296789685,271.063431961481,1441,0.20124002299129,2674,-0.20819399987418,1441,2674
