area,areaabs,firstpeak,peak,firsttrough,trough,otherpeaks,othertroughs
-0.00113966401859728,33.3000042144837,2279,0.069520022755415,848,-0.0699196445940856,2279,848
