area,areaabs,firstpeak,peak,firsttrough,trough,otherpeaks,othertroughs
-0.0101298329192368,336.822774814815,2716,0.262815774777157,1427,-0.282259238456478,2716,1427
