area,areaabs,firstpeak,peak,firsttrough,trough,otherpeaks,othertroughs
-0.00488096852942535,33.5404717215318,974,0.0979687907021868,1534,-0.102745494813562,974,1534
