area,areaabs,firstpeak,peak,firsttrough,trough,otherpeaks,othertroughs
0.000141928291822633,31.7520876709206,2140,0.1432805132714,247,-0.11567275977703,2140,247
