area,areaabs,firstpeak,peak,firsttrough,trough,otherpeaks,othertroughs
0.008827606313343,29.7772023188794,63,0.084074450797646,1927,-0.0680875386025552,63,1927
