area,areaabs,firstpeak,peak,firsttrough,trough,otherpeaks,othertroughs
0.0041931946718633,1074.30864171381,766,0.392827522808253,2147,-0.638356229799121,766,2147
