area,areaabs,firstpeak,peak,firsttrough,trough,otherpeaks,othertroughs
0.0138426003306216,462.723286413749,3582,0.157056917439355,2394,-0.318564265031964,3582,2394
