area,areaabs,firstpeak,peak,firsttrough,trough,otherpeaks,othertroughs
0.00524117382695609,379.640513234208,1731,0.260621357202917,2934,-0.203186408266367,1731,2934
