area,areaabs,firstpeak,peak,firsttrough,trough,otherpeaks,othertroughs
-0.00589547604280499,363.965721612582,3530,0.17217094226398,2147,-0.29712022350717,3530,2147
