area,areaabs,firstpeak,peak,firsttrough,trough,otherpeaks,othertroughs
-0.0051575901394917,570.329198355616,1919,0.472258579712603,1055,-0.401097305254613,1919,1055
