area,areaabs,firstpeak,peak,firsttrough,trough,otherpeaks,othertroughs
0.00270223735959227,333.07900736671,2145,0.243792752015611,1152,-0.265489529690408,2145,1152
