area,areaabs,firstpeak,peak,firsttrough,trough,otherpeaks,othertroughs
0.00712255834246758,20.7576479243644,343,0.0700061213469184,954,-0.0525763118650438,343,954
