area,areaabs,firstpeak,peak,firsttrough,trough,otherpeaks,othertroughs
-0.00360529702705151,311.658071500585,2639,0.313634386787368,2032,-0.213584471117416,2639,2032
