area,areaabs,firstpeak,peak,firsttrough,trough,otherpeaks,othertroughs
-0.0127521030985856,23.3677374534414,2681,0.249054443631734,2680,-0.30517331683095,2681,2680
