area,areaabs,firstpeak,peak,firsttrough,trough,otherpeaks,othertroughs
0.000131451801078713,0.568888238389834,1243,0.00127557790471356,1246,-0.00265201499692451,1243,1246
