area,areaabs,firstpeak,peak,firsttrough,trough,otherpeaks,othertroughs
0.000408003731934788,18.3131177901527,2600,0.0615168776483069,2103,-0.0444791475213325,2600,2103
