area,areaabs,firstpeak,peak,firsttrough,trough,otherpeaks,othertroughs
-0.00585804484746327,75.3210526761927,2012,0.129378132001375,1436,-0.0828001208086224,2012,1436
