area,areaabs,firstpeak,peak,firsttrough,trough,otherpeaks,othertroughs
8.62328035196246e-05,248.110009714968,799,0.319798874052944,1080,-0.30557341791669,799,1080
