area,areaabs,firstpeak,peak,firsttrough,trough,otherpeaks,othertroughs
-0.00346589126668252,155.996723626367,2565,0.172223622604026,1994,-0.160432763372037,2565,1994
