average,totalmistakes,averagemistakes,percentmistakes
246.911764705882,1031,30.3235294117647,0.122811197141155
