average,totalmistakes,averagemistakes,percentmistakes
399.714285714286,868,41.3333333333333,0.103407195615916
