area,areaabs,firstpeak,peak,firsttrough,trough,otherpeaks,othertroughs
0.00212243973132207,10.149654025512,1032,0.018927424992859,902,-0.0275884904413243,1032,902
