area,areaabs,firstpeak,peak,firsttrough,trough,otherpeaks,othertroughs
0.0154238678491099,25.9537857120612,2474,0.09408151881597,3721,-0.0685372668335678,2474,3721
