area,areaabs,firstpeak,peak,firsttrough,trough,otherpeaks,othertroughs
-3.2278834473423e-05,1.70049336840655,2427,0.00262408172175066,2430,-0.00295544442624881,2427,2430
