area,areaabs,firstpeak,peak,firsttrough,trough,otherpeaks,othertroughs
0.00525611242808333,600.217510761577,2062,0.382522472988889,3589,-0.255287391219424,2062,3589
