area,areaabs,firstpeak,peak,firsttrough,trough,otherpeaks,othertroughs
-0.000263993673264384,932.799460531202,2457,0.419583999755612,1312,-0.585720185135757,2457,1312
