area,areaabs,firstpeak,peak,firsttrough,trough,otherpeaks,othertroughs
-0.00314692849254719,541.443352000199,2061,0.270187125371296,2914,-0.37463319075249,2061,2914
