average,totalmistakes,averagemistakes
124.264150943396,607,11.4528301886792
