area,areaabs,firstpeak,peak,firsttrough,trough,otherpeaks,othertroughs
8.21597614326199e-07,1.25902974124466,2950,0.00127935443117592,2561,-0.00123849413351477,2950,2561
