area,areaabs,firstpeak,peak,firsttrough,trough,otherpeaks,othertroughs
0.00104840077966718,33.6155123395884,2338,0.115389968652933,3543,-0.118722515457852,2338,3543
