area,areaabs,firstpeak,peak,firsttrough,trough,otherpeaks,othertroughs
0.000100284930548834,20.2081079690433,2466,0.0621379227120928,2654,-0.0434707470572918,2466,2654
