area,areaabs,firstpeak,peak,firsttrough,trough,otherpeaks,othertroughs
-0.0261504117404699,166.622022164408,3094,0.18202254629967,2230,-0.155663722108016,3094,2230
