area,areaabs,firstpeak,peak,firsttrough,trough,otherpeaks,othertroughs
0.000391572165593443,458.213055343486,1854,0.33036459411895,2099,-0.353905129406444,1854,2099
