area,areaabs,firstpeak,peak,firsttrough,trough,otherpeaks,othertroughs
0.00177509098383599,191.722476906725,2731,0.126446450926664,3057,-0.144411795654992,2731,3057
