average,totalmistakes,averagemistakes,percentmistakes
202.323529411765,236,6.94117647058824,0.0343073121093182
