area,areaabs,firstpeak,peak,firsttrough,trough,otherpeaks,othertroughs
0.000103032913017291,2.40501640878234,1097,0.00942185944796056,1084,-0.00697284526719184,1097,1084
