area,areaabs,firstpeak,peak,firsttrough,trough,otherpeaks,othertroughs
-0.000501619716068491,25.850558786384,3211,0.142619891280741,3213,-0.105005682446361,3211,3213
