area,areaabs,firstpeak,peak,firsttrough,trough,otherpeaks,othertroughs
-0.000177256173915005,7.38477691598878,3200,0.0314708673609858,3213,-0.0278505207595133,3200,3213
