area,areaabs,firstpeak,peak,firsttrough,trough,otherpeaks,othertroughs
-0.00279090219555419,512.557860257891,3741,0.318221916253897,1835,-0.281217046399363,3741,1835
