area,areaabs,firstpeak,peak,firsttrough,trough,otherpeaks,othertroughs
0.0160145162720688,629.12950863517,2627,0.32667525543471,1219,-0.249980852351418,2627,1219
