area,areaabs,firstpeak,peak,firsttrough,trough,otherpeaks,othertroughs
-0.0132251408846044,397.057905047709,1084,0.336979113912032,1695,-0.233881164706238,1084,1695
