area,areaabs,firstpeak,peak,firsttrough,trough,otherpeaks,othertroughs
-0.000110322221348891,5.01126759769466,3717,0.0102123667674489,3730,-0.00859841053208002,3717,3730
