area,areaabs,firstpeak,peak,firsttrough,trough,otherpeaks,othertroughs
-0.00168596161094792,27.6738102934081,2190,0.0882097503445078,3527,-0.0692782331401736,2190,3527
