area,areaabs,firstpeak,peak,firsttrough,trough,otherpeaks,othertroughs
0.000675040536904494,5.55438076323001,838,0.00703229893446768,1597,-0.00781711041490886,838,1597
