area,areaabs,firstpeak,peak,firsttrough,trough,otherpeaks,othertroughs
-0.000659815840372517,7.60690926747382,110,0.00776722319260522,1447,-0.0101614171458497,110,1447
