area,areaabs,firstpeak,peak,firsttrough,trough,otherpeaks,othertroughs
0.000916333481336497,546.449032358612,2891,0.37096256713424,3602,-0.274270748157365,2891,3602
