area,areaabs,firstpeak,peak,firsttrough,trough,otherpeaks,othertroughs
-0.0195141750385018,730.923373165078,684,0.282288306479955,2082,-0.591712787117427,684,2082
