area,areaabs,firstpeak,peak,firsttrough,trough,otherpeaks,othertroughs
0.012061981174447,334.665085354507,564,0.21565461395317,951,-0.25211693055475,564,951
