area,areaabs,firstpeak,peak,firsttrough,trough,otherpeaks,othertroughs
-0.0025844473995803,29.8890115046184,2345,0.0688402045704655,2868,-0.0508790046288492,2345,2868
