area,areaabs,firstpeak,peak,firsttrough,trough,otherpeaks,othertroughs
7.95332556086828e-05,4.91880193065451,2679,0.00803977587599877,2365,-0.00861610146430292,2679,2365
