area,areaabs,firstpeak,peak,firsttrough,trough,otherpeaks,othertroughs
-0.000230389414386951,4.48907120838807,2170,0.00864370313113436,3225,-0.00628680757035956,2170,3225
