area,areaabs,firstpeak,peak,firsttrough,trough,otherpeaks,othertroughs
-0.0117750357500502,749.928873147469,2015,0.491336707152569,523,-0.316247312400401,2015,523
