area,areaabs,firstpeak,peak,firsttrough,trough,otherpeaks,othertroughs
-0.00208185943511295,528.505806841485,3682,0.212827564032163,2013,-0.424618186337658,3682,2013
