area,areaabs,firstpeak,peak,firsttrough,trough,otherpeaks,othertroughs
-0.0104688066548132,321.144706203685,104,0.211004650741019,1281,-0.260541750864744,104,1281
