area,areaabs,firstpeak,peak,firsttrough,trough,otherpeaks,othertroughs
0.00087841853406002,6.65188747012721,4043,0.0339872415564265,2150,-0.0390087559801337,4043,2150
