area,areaabs,firstpeak,peak,firsttrough,trough,otherpeaks,othertroughs
0.000141928291822514,31.7520876709207,2152,0.1432805132714,4045,-0.11567275977703,2152,4045
