area,areaabs,firstpeak,peak,firsttrough,trough,otherpeaks,othertroughs
4.26185216008847e-06,1.92069073922181,2959,0.00498270475291844,4045,-0.00335682757942898,2959,4045
