area,areaabs,firstpeak,peak,firsttrough,trough,otherpeaks,othertroughs
0.000569788996037665,383.595940890787,2314,0.410742072136089,1901,-0.379330238658105,2314,1901
