area,areaabs,firstpeak,peak,firsttrough,trough,otherpeaks,othertroughs
-0.00515759013951553,570.329198355616,2373,0.472258579712603,3237,-0.401097305254613,2373,3237
