area,areaabs,firstpeak,peak,firsttrough,trough,otherpeaks,othertroughs
0.00270223735957258,333.079007366709,2143,0.243792752015611,3136,-0.265489529690408,2143,3136
