average,totalmistakes,averagemistakes
339.757575757576,477,14.4545454545455
