area,areaabs,firstpeak,peak,firsttrough,trough,otherpeaks,othertroughs
-0.00104338519208707,18.7175472832625,2634,0.19990124403838,3479,-0.197521898641278,2634,3479
