area,areaabs,firstpeak,peak,firsttrough,trough,otherpeaks,othertroughs
3.91998169994459e-05,1.71725572779001,3478,0.00434855212000315,1465,-0.00256221106193393,3478,1465
