area,areaabs,firstpeak,peak,firsttrough,trough,otherpeaks,othertroughs
0.000844735608305222,18.8260396750248,2635,0.0713604267379638,3095,-0.0711250203397531,2635,3095
