area,areaabs,firstpeak,peak,firsttrough,trough,otherpeaks,othertroughs
-0.000931545313772147,567.377915010607,2104,0.4515855906681,490,-0.34519883472972,2104,490
