area,areaabs,firstpeak,peak,firsttrough,trough,otherpeaks,othertroughs
-0.0148272930020797,582.824705128152,3436,0.261547740183234,2014,-0.507668396875539,3436,2014
