area,areaabs,firstpeak,peak,firsttrough,trough,otherpeaks,othertroughs
-0.0034400271232358,453.301106656351,3523,0.296530754409324,1897,-0.314105796085676,3523,1897
