area,areaabs,firstpeak,peak,firsttrough,trough,otherpeaks,othertroughs
0.000240763155820351,5.23280637407405,2075,0.00990198546193627,1382,-0.0114704364796354,2075,1382
