area,areaabs,firstpeak,peak,firsttrough,trough,otherpeaks,othertroughs
-0.000659815840372883,7.60690926747383,4052,0.00776722319260522,2715,-0.0101614171458497,4052,2715
