area,areaabs,firstpeak,peak,firsttrough,trough,otherpeaks,othertroughs
4.5188714574033e-05,4.56923557531478,1687,0.00542653924151545,1430,-0.0102924951990918,1687,1430
