area,areaabs,firstpeak,peak,firsttrough,trough,otherpeaks,othertroughs
0.000108150581011047,4.54410322007011,2514,0.0155358293429865,2243,-0.00901166306148747,2514,2243
