area,areaabs,firstpeak,peak,firsttrough,trough,otherpeaks,othertroughs
0.000334637140625366,6.0205992648359,2318,0.0109896378682197,2821,-0.00922472145699216,2318,2821
