area,areaabs,firstpeak,peak,firsttrough,trough,otherpeaks,othertroughs
0.000916333481327963,546.449032358612,1267,0.37096256713424,556,-0.274270748157365,1267,556
