area,areaabs,firstpeak,peak,firsttrough,trough,otherpeaks,othertroughs
0.000675040536904602,5.55438076323004,3320,0.00703229893446768,2561,-0.00781711041490886,3320,2561
