area,areaabs,firstpeak,peak,firsttrough,trough,otherpeaks,othertroughs
0.000143474170156304,2.04024115152223,3506,0.00353891230915508,3540,-0.0030053208179602,3506,3540
