area,areaabs,firstpeak,peak,firsttrough,trough,otherpeaks,othertroughs
7.7852381118824e-05,3.33352057566701,1897,0.00643122573454553,1380,-0.00887049876770836,1897,1380
