area,areaabs,firstpeak,peak,firsttrough,trough,otherpeaks,othertroughs
-0.0014734561423841,692.233088667722,937,0.48094154082949,2079,-0.380609530024346,937,2079
