area,areaabs,firstpeak,peak,firsttrough,trough,otherpeaks,othertroughs
0.000206446338348193,2.51525466929002,1123,0.00458773815770306,1341,-0.00424916407005432,1123,1341
