area,areaabs,firstpeak,peak,firsttrough,trough,otherpeaks,othertroughs
0.000448232736688553,2.4964761709248,738,0.00484206582381612,1933,-0.0053623863155964,738,1933
