area,areaabs,firstpeak,peak,firsttrough,trough,otherpeaks,othertroughs
0.000678580702334929,365.218147806133,317,0.498865131878883,1405,-0.552295088003568,317,1405
