area,areaabs,firstpeak,peak,firsttrough,trough,otherpeaks,othertroughs
-2.59964456694957e-05,684.979321656792,2961,0.475856011418402,1990,-0.421714409667532,2961,1990
