area,areaabs,firstpeak,peak,firsttrough,trough,otherpeaks,othertroughs
-0.000173476955337431,592.639854041213,1876,0.357422718525985,2172,-0.471746738455353,1876,2172
