area,areaabs,firstpeak,peak,firsttrough,trough,otherpeaks,othertroughs
0.0082625289474026,719.724631343329,266,0.30726808416408,2082,-0.511047717253064,266,2082
