area,areaabs,firstpeak,peak,firsttrough,trough,otherpeaks,othertroughs
-0.00168596161094872,27.6738102934081,1972,0.0882097503445078,635,-0.0692782331401736,1972,635
