area,areaabs,firstpeak,peak,firsttrough,trough,otherpeaks,othertroughs
-6.5000619526022e-05,380.112029181526,2450,0.499885903276499,1365,-0.548498123625079,2450,1365
