area,areaabs,firstpeak,peak,firsttrough,trough,otherpeaks,othertroughs
0.0120619811744763,334.665085354508,3594,0.21565461395317,3207,-0.25211693055475,3594,3207
