area,areaabs,firstpeak,peak,firsttrough,trough,otherpeaks,othertroughs
-0.00716256971115824,695.005229046178,3516,0.302299954861676,2640,-0.48766487488406,3516,2640
