area,areaabs,firstpeak,peak,firsttrough,trough,otherpeaks,othertroughs
-0.00242579641438846,531.806788039069,1497,0.38092915904826,605,-0.187652132900584,1497,605
