area,areaabs,firstpeak,peak,firsttrough,trough,otherpeaks,othertroughs
0.00645053512654639,551.578278417766,2652,0.433526831866259,1920,-0.361549919414532,2652,1920
