area,areaabs,firstpeak,peak,firsttrough,trough,otherpeaks,othertroughs
0.00349043198869091,451.624621417126,1781,0.271307751192132,309,-0.21095045943289,1781,309
