area,areaabs,firstpeak,peak,firsttrough,trough,otherpeaks,othertroughs
0.0164554351995611,28.7968691006778,1464,0.11384424793803,1431,-0.0615211279041372,1464,1431
