area,areaabs,firstpeak,peak,firsttrough,trough,otherpeaks,othertroughs
-0.0241047184279053,742.948417525229,424,0.318868412648039,1889,-0.683532134752854,424,1889
