area,areaabs,firstpeak,peak,firsttrough,trough,otherpeaks,othertroughs
-0.019514175038609,730.923373165079,3478,0.282288306479955,2080,-0.591712787117427,3478,2080
