area,areaabs,firstpeak,peak,firsttrough,trough,otherpeaks,othertroughs
0.0011279544426107,22.3039057412054,4155,0.0528790005338916,1382,-0.0410660268717349,4155,1382
