area,areaabs,firstpeak,peak,firsttrough,trough,otherpeaks,othertroughs
0.000203398908514254,8.51543181685678,2095,0.027769734106188,2249,-0.0277106874712732,2095,2249
