area,areaabs,firstpeak,peak,firsttrough,trough,otherpeaks,othertroughs
0.00518679439964896,25.1112998833816,360,0.0843847897804421,1972,-0.0683515483162549,360,1972
