area,areaabs,firstpeak,peak,firsttrough,trough,otherpeaks,othertroughs
-0.00425305931620653,421.554110242869,1387,0.940700839378427,2557,-0.25142602147044,1387,2557
