area,areaabs,firstpeak,peak,firsttrough,trough,otherpeaks,othertroughs
0.000558628349637758,13.160689640323,2296,0.0170278334317048,1908,-0.0186009958820623,2296,1908
