area,areaabs,firstpeak,peak,firsttrough,trough,otherpeaks,othertroughs
0.000522663151823568,4.72450787047444,1459,0.00715227006847848,1571,-0.00648163404080396,1459,1571
