area,areaabs,firstpeak,peak,firsttrough,trough,otherpeaks,othertroughs
0.00882760631334293,29.7772023188794,4229,0.084074450797646,2365,-0.0680875386025552,4229,2365
