area,areaabs,firstpeak,peak,firsttrough,trough,otherpeaks,othertroughs
0.00524117382694477,379.640513234208,2561,0.260621357202917,1358,-0.203186408266367,2561,1358
