area,areaabs,firstpeak,peak,firsttrough,trough,otherpeaks,othertroughs
-0.00161668409722567,608.804057886761,2590,0.384068621608494,1235,-0.381664696156995,2590,1235
