area,areaabs,firstpeak,peak,firsttrough,trough,otherpeaks,othertroughs
-0.0209960419007245,344.838715784792,2201,0.314925895662185,3435,-0.180840515179831,2201,3435
