area,areaabs
1.50006905174593e-06,109.781941754053
