area,areaabs
-1.50563888586301e-05,115.161744754122
