area,areaabs
-0.00104221621128276,92.7010575977508
