area,areaabs
1.55679651432902e-06,109.774642684483
