area,areaabs
-1.50623155146036e-05,115.161368763853
