area,areaabs
0.000194464252687139,106.616853794705
