area,areaabs
-5.98977219183914e-08,105.031514821122
