area,areaabs
-7.17231395833023e-08,93.2014355660268
