area,areaabs
-3.94378424119076e-06,113.336901860034
