area,areaabs
-3.51585718607893e-05,121.079106909507
