area,areaabs
-1.37610814464697e-08,93.2047191582022
