area,areaabs
-3.88070877458631e-06,113.331026839853
