area,areaabs
-4.77697934065002e-08,105.02546526377
