area,areaabs
-0.00322898846969028,276.940512920388
