area,areaabs
-0.00265244185480946,1242.03517451335
