area,areaabs
0.00041436327931667,4659.98442617752
