area,areaabs
0.000409436337466189,2899.31964562131
