area,areaabs
-0.0057235734668465,561.055401475125
