area,areaabs
0.007308085153072,1396.97278654434
