area,areaabs
-4.16161394740191e-05,2876.80616419434
