area,areaabs
-0.000139082192575103,724.211397644058
