area,areaabs
0.000451926070001346,5688.72063231581
