area,areaabs
0.00446357799425002,801.636719265368
