area,areaabs
0.000175401629797982,3343.20459089082
