area,areaabs
0.00178158561862827,725.679406825959
