area,areaabs
0.000945780196246452,465.46963214458
