area,areaabs
-0.0119919212217111,489.613080082718
