area,areaabs
0.00294539124432705,1164.11371536363
