area,areaabs
-0.00143063325453332,335.002771155804
