area,areaabs
-1.89393068267281e-05,467.941316460464
