area,areaabs
-0.000154130584909214,645.192313397062
