area,areaabs
-0.000154068358023503,645.155054921538
