area,areaabs
0.00128890255445623,451.51392877451
