area,areaabs
-0.00131395673916244,449.198909093599
