area,areaabs
4.72224365280894e-06,788.945282272268
