area,areaabs
0.000281114631702783,398.422631230257
