area,areaabs
-1.88908792445038e-05,467.942942590047
