area,areaabs
0.000281233604734647,398.403369521942
