area,areaabs
5.3427002882762e-06,788.988274362525
