area,areaabs
-0.00142973153999422,334.974799081125
