area,areaabs
-0.419506292437093,69.9718444298559
