area,areaabs
-0.417322844861738,76.36161795218
