area,areaabs
0.000224732373218196,2615.62849962227
