area,areaabs
-0.149999629891336,668.43223088155
