area,areaabs
-0.0530835972385447,865.360994579218
