area,areaabs
0.00387709739111745,649.314761329588
