area,areaabs
-0.00646204131188002,453.521635207833
