area,areaabs
-7.1257458213483e-06,4113.53457366879
