area,areaabs
-0.000142698731440899,5334.7221092987
