area,areaabs
0.000118048125030091,2598.61874146198
