area,areaabs
8.32634589629865e-05,4634.81000984816
