area,areaabs
0.00983140875093139,505.915434417169
