area,areaabs,firstpeak,peak,firsttrough,trough,otherpeaks,othertroughs
-0.000107600932632936,14.9838109440185,2548,0.0269304999515726,3178,-0.0235872204415146,2548,3178
