area,areaabs,firstpeak,peak,firsttrough,trough,otherpeaks,othertroughs
3.40344829241707e-05,7.89440290939311,2191,0.0106957034557533,2177,-0.0113003039447144,2191,2177
