area,areaabs,firstpeak,peak,firsttrough,trough,otherpeaks,othertroughs
-0.000104922809208404,5.29562810228114,1698,0.0137593600367733,806,-0.0107490407817047,1698,806
