area,areaabs,firstpeak,peak,firsttrough,trough,otherpeaks,othertroughs
-3.64918740557748e-05,8.03548872683064,2005,0.0141379813045059,1246,-0.0161647935464262,2005,1246
