area,areaabs,firstpeak,peak,firsttrough,trough,otherpeaks,othertroughs
-6.42259514108516e-06,9.28190093671149,3738,0.0174929891441118,3159,-0.0201975245707342,3738,3159
