area,areaabs,firstpeak,peak,firsttrough,trough,otherpeaks,othertroughs
0.000313257035780183,460.683440372656,2321,0.400845866792299,1529,-0.584918181215521,2321,1529
