area,areaabs,firstpeak,peak,firsttrough,trough,otherpeaks,othertroughs
-0.000262187369364093,478.677089384043,2343,0.442431055512918,2610,-0.302532594971912,2343,2610
