area,areaabs,firstpeak,peak,firsttrough,trough,otherpeaks,othertroughs
-7.72471990707207e-05,0.773951234123155,2532,0.00222157590500366,2462,-0.00192060257301525,2532,2462
