area,areaabs,firstpeak,peak,firsttrough,trough,otherpeaks,othertroughs
-0.00117557525622774,457.917761403617,3410,0.35541249848612,2704,-0.436720095693606,3410,2704
