area,areaabs,firstpeak,peak,firsttrough,trough,otherpeaks,othertroughs
0.00193652635150941,434.077120834315,2320,0.326870052273231,3003,-0.357834086398099,2320,3003
