area,areaabs,firstpeak,peak,firsttrough,trough,otherpeaks,othertroughs
0.000274379922708332,2.08194773135111,3951,0.00590198704049959,3940,-0.00377294938448568,3951,3940
