area,areaabs,firstpeak,peak,firsttrough,trough,otherpeaks,othertroughs
5.50544749470708e-05,429.20733994505,3204,0.390944752448518,1406,-0.275203953209865,3204,1406
