area,areaabs,firstpeak,peak,firsttrough,trough,otherpeaks,othertroughs
0.00110380574794854,3.08300190460319,1887,0.00794407900244468,1456,-0.0089216317576288,1887,1456
