area,areaabs,firstpeak,peak,firsttrough,trough,otherpeaks,othertroughs
3.18554626018491e-06,1.65846525653944,3788,0.00774721739678175,3807,-0.0044034517977329,3788,3807
