area,areaabs,firstpeak,peak,firsttrough,trough,otherpeaks,othertroughs
-1.24128744220218e-05,2.77612159814934,2252,0.00883371887338619,3353,-0.0178728730943101,2252,3353
