area,areaabs,firstpeak,peak,firsttrough,trough,otherpeaks,othertroughs
-0.00043382043162828,222.693071158213,611,0.187899852880099,1869,-0.203604333813358,611,1869
