area,areaabs,firstpeak,peak,firsttrough,trough,otherpeaks,othertroughs
-0.00221536143772306,437.522617160585,3754,0.281385643075099,2912,-0.296059748256438,3754,2912
