area,areaabs,firstpeak,peak,firsttrough,trough,otherpeaks,othertroughs
0.00846314710586645,375.634959318799,1263,0.278323249689814,221,-0.21461130253554,1263,221
