area,areaabs,firstpeak,peak,firsttrough,trough,otherpeaks,othertroughs
-0.00290720136056023,28.7254312086371,2329,0.0755828603984215,2269,-0.0805198603309854,2329,2269
