area,areaabs,firstpeak,peak,firsttrough,trough,otherpeaks,othertroughs
-0.00274997146636721,419.631430279324,2606,0.298395496360525,3996,-0.163596273123468,2606,3996
