area,areaabs,firstpeak,peak,firsttrough,trough,otherpeaks,othertroughs
-0.005005261712522,233.891527616382,1394,0.115506442564424,2115,-0.167016774122488,1394,2115
