area,areaabs,firstpeak,peak,firsttrough,trough,otherpeaks,othertroughs
0.000119480133290619,33.0969666302743,1615,0.110672958092162,1608,-0.154058527752079,1615,1608
