area,areaabs,firstpeak,peak,firsttrough,trough,otherpeaks,othertroughs
-0.00464490889870094,304.01459859889,662,0.156654671034312,2540,-0.26903373141432,662,2540
