area,areaabs,firstpeak,peak,firsttrough,trough,otherpeaks,othertroughs
0.00834716408194228,248.870307072039,2293,0.170084427910157,2747,-0.194984161065101,2293,2747
