area,areaabs,firstpeak,peak,firsttrough,trough,otherpeaks,othertroughs
0.0100563436436754,406.50056208735,2493,0.204512446450997,1445,-0.281303571703523,2493,1445
