area,areaabs,firstpeak,peak,firsttrough,trough,otherpeaks,othertroughs
0.00411305490992995,22.277416143611,3664,0.0627689721386357,1826,-0.0432042005269425,3664,1826
