area,areaabs,firstpeak,peak,firsttrough,trough,otherpeaks,othertroughs
0.00693362536369827,281.581128542664,1025,0.243774540251722,223,-0.21586798991551,1025,223
