area,areaabs,firstpeak,peak,firsttrough,trough,otherpeaks,othertroughs
0.00425328917975498,14.6335511954968,1677,0.0600567355753583,1165,-0.058863101662037,1677,1165
