area,areaabs,firstpeak,peak,firsttrough,trough,otherpeaks,othertroughs
-0.000153614342545017,6.19817218720233,1174,0.062134847291642,1173,-0.0388533395337123,1174,1173
