area,areaabs,firstpeak,peak,firsttrough,trough,otherpeaks,othertroughs
-0.00103591963156525,454.874040640896,2185,0.334290550336632,2936,-0.271293189063983,2185,2936
