average,totalmistakes,averagemistakes,percentmistakes
499.590909090909,488,11.0909090909091,0.0221999818032936
