average,totalmistakes,averagemistakes,percentmistakes
254.966666666667,137,4.56666666666667,0.0179108380180416
