average,totalmistakes,averagemistakes,percentmistakes
223.575757575758,211,6.39393939393939,0.028598536188669
