area,areaabs,firstpeak,peak,firsttrough,trough,otherpeaks,othertroughs
1.01418164445266e-06,2.19358490980672,669,0.00265803943789196,609,-0.00249825526469951,669,609
