area,areaabs,firstpeak,peak,firsttrough,trough,otherpeaks,othertroughs
-0.0013640793480475,5.01417456927077,2185,0.0128177259189497,2467,-0.0121648748915427,2185,2467
