area,areaabs,firstpeak,peak,firsttrough,trough,otherpeaks,othertroughs
0.00322868837898145,28.8884912891472,3510,0.0712039107282015,2314,-0.0445875214142645,3510,2314
