area,areaabs,firstpeak,peak,firsttrough,trough,otherpeaks,othertroughs
-0.0101064404888008,22.9404088804403,2435,0.106816306169045,2356,-0.0802562926835733,2435,2356
