area,areaabs,firstpeak,peak,firsttrough,trough,otherpeaks,othertroughs
0.0121061827459782,860.98133646033,2116,0.573301019406589,824,-0.291939665716885,2116,824
