area,areaabs,firstpeak,peak,firsttrough,trough,otherpeaks,othertroughs
-0.000225319600061457,479.870656351213,1294,0.284732932561215,342,-0.252263809179832,1294,342
