area,areaabs,firstpeak,peak,firsttrough,trough,otherpeaks,othertroughs
-0.00224435550814744,378.785112721054,3050,0.203799348886199,1873,-0.270477873485391,3050,1873
