average,totalmistakes,averagemistakes,percentmistakes
526.382352941176,868,25.5294117647059,0.0484997485612114
