area,areaabs,firstpeak,peak,firsttrough,trough,otherpeaks,othertroughs
0.000165027567006273,26.6091973791922,1131,0.0583506983451818,1209,-0.040989203545643,1131,1209
