area,areaabs,firstpeak,peak,firsttrough,trough,otherpeaks,othertroughs
0.0004080037319347,18.3131177901528,270,0.0615168776483069,767,-0.0444791475213325,270,767
