area,areaabs,firstpeak,peak,firsttrough,trough,otherpeaks,othertroughs
-3.90774513560599e-05,19.2768589214884,2464,0.0291639176912752,2370,-0.0419719994959577,2464,2370
