area,areaabs,firstpeak,peak,firsttrough,trough,otherpeaks,othertroughs
-0.000375300735306207,6.07033715118047,1842,0.0199151927481414,1845,-0.0187133832422633,1842,1845
