area,areaabs,firstpeak,peak,firsttrough,trough,otherpeaks,othertroughs
6.35032639838963e-06,7.88621579197169,2303,0.0155496582844752,1867,-0.0127620148721634,2303,1867
