area,areaabs,firstpeak,peak,firsttrough,trough,otherpeaks,othertroughs
-0.000315655503946587,607.955327680508,2636,0.446765798876112,1593,-0.435098283852484,2636,1593
