area,areaabs,firstpeak,peak,firsttrough,trough,otherpeaks,othertroughs
-0.000676215773504131,456.051650889157,2130,0.241970551721141,3108,-0.246599002785563,2130,3108
