area,areaabs,firstpeak,peak,firsttrough,trough,otherpeaks,othertroughs
0.00126285182134528,589.669086587416,1186,0.444806441869623,2454,-0.432158552996153,1186,2454
