area,areaabs,firstpeak,peak,firsttrough,trough,otherpeaks,othertroughs
0.000237541958855053,377.472680704551,2370,0.315970654944744,2944,-0.232666790220987,2370,2944
