area,areaabs,firstpeak,peak,firsttrough,trough,otherpeaks,othertroughs
1.05919938424157e-05,2.08995329537219,1863,0.00973756230682525,1865,-0.00783641608224112,1863,1865
