area,areaabs,firstpeak,peak,firsttrough,trough,otherpeaks,othertroughs
-0.00011678322283545,1.51175711066671,1401,0.0114333243633614,1403,-0.00932436908801089,1401,1403
