area,areaabs,firstpeak,peak,firsttrough,trough,otherpeaks,othertroughs
-1.52802743455202e-05,1.01320876294605,605,0.00441406827793921,608,-0.00191449915276518,605,608
