area,areaabs,firstpeak,peak,firsttrough,trough,otherpeaks,othertroughs
8.62328035171836e-05,248.11000971497,2059,0.319798874052944,1778,-0.30557341791669,2059,1778
