area,areaabs,firstpeak,peak,firsttrough,trough,otherpeaks,othertroughs
-0.00013716387197451,2.18534565328977,1130,0.00996514110258188,1126,-0.00796866438341927,1130,1126
