area,areaabs,firstpeak,peak,firsttrough,trough,otherpeaks,othertroughs
0.000131451801078676,0.568888238389833,1615,0.00127557790471356,1612,-0.00265201499692451,1615,1612
