area,areaabs,firstpeak,peak,firsttrough,trough,otherpeaks,othertroughs
-0.00585804484746004,75.3210526761928,858,0.129378132001375,1434,-0.0828001208086225,858,1434
