area,areaabs,firstpeak,peak,firsttrough,trough,otherpeaks,othertroughs
0.00839352520880163,799.12835863873,2157,0.615138194870946,1073,-0.273491874282897,2157,1073
