area,areaabs,firstpeak,peak,firsttrough,trough,otherpeaks,othertroughs
-0.00297501667670361,602.868154539006,592,0.290141921866432,1211,-0.340227025908059,592,1211
