area,areaabs,firstpeak,peak,firsttrough,trough,otherpeaks,othertroughs
-0.00514178873009218,19.9228100815782,3375,0.131683859740879,3096,-0.127093418437877,3375,3096
