area,areaabs,firstpeak,peak,firsttrough,trough,otherpeaks,othertroughs
0.00489722898639063,647.261191819417,2430,0.419701104478783,3365,-0.264162367969268,2430,3365
