area,areaabs,firstpeak,peak,firsttrough,trough,otherpeaks,othertroughs
2.26492898984472e-05,13.9677165394883,606,0.0636727709579894,607,-0.106992955250349,606,607
