area,areaabs,firstpeak,peak,firsttrough,trough,otherpeaks,othertroughs
0.000250696986699444,10.1630752520996,1134,0.0551036308897868,1128,-0.0898082395626168,1134,1128
