area,areaabs,firstpeak,peak,firsttrough,trough,otherpeaks,othertroughs
-0.0127521030985853,23.3677374534413,189,0.249054443631734,190,-0.30517331683095,189,190
