area,areaabs,firstpeak,peak,firsttrough,trough,otherpeaks,othertroughs
0.000321069663288717,15.7342572573474,2146,0.103277106308681,1867,-0.0952983061120806,2146,1867
