area,areaabs,firstpeak,peak,firsttrough,trough,otherpeaks,othertroughs
0.00202692344624662,417.383860136802,2415,0.2490380580756,832,-0.295568973588496,2415,832
