area,areaabs,firstpeak,peak,firsttrough,trough,otherpeaks,othertroughs
0.00331985571122962,526.244675577625,1956,0.537827757295122,1050,-0.348240114873351,1956,1050
