area,areaabs,firstpeak,peak,firsttrough,trough,otherpeaks,othertroughs
-0.0105573731123325,780.757157399324,2832,0.420668405787971,1922,-0.616498606302702,2832,1922
