area,areaabs,firstpeak,peak,firsttrough,trough,otherpeaks,othertroughs
0.00193769687653627,1035.87696690631,1490,0.449680138473068,2417,-0.699017026982451,1490,2417
