area,areaabs,firstpeak,peak,firsttrough,trough,otherpeaks,othertroughs
0.012375597697713,341.208142719525,2688,0.199211850334434,2009,-0.205847145042055,2688,2009
