area,areaabs,firstpeak,peak,firsttrough,trough,otherpeaks,othertroughs
-0.00346589126667342,155.996723626367,293,0.172223622604026,864,-0.160432763372037,293,864
