area,areaabs,firstpeak,peak,firsttrough,trough,otherpeaks,othertroughs
-0.000142916898603981,1.46991756437521,1452,0.00235548532962338,2539,-0.00247601477784089,1452,2539
