area,areaabs,firstpeak,peak,firsttrough,trough,otherpeaks,othertroughs
0.000428912485619408,25.4394077336365,2492,0.174458135843331,2508,-0.0982152099134301,2492,2508
