area,areaabs,firstpeak,peak,firsttrough,trough,otherpeaks,othertroughs
-0.000173812934901781,12.150107616668,1805,0.0163907668216329,1932,-0.0193874327325105,1805,1932
