area,areaabs,firstpeak,peak,firsttrough,trough,otherpeaks,othertroughs
0.000302317568873291,483.6521131059,1969,0.368552153602555,1537,-0.492737704749916,1969,1537
