area,areaabs,firstpeak,peak,firsttrough,trough,otherpeaks,othertroughs
-0.00837016129640684,398.932850236346,1513,0.228038822407593,615,-0.244414486535758,1513,615
