area,areaabs,firstpeak,peak,firsttrough,trough,otherpeaks,othertroughs
0.00320584386243989,315.162910888011,1120,0.218755609014359,1641,-0.22764452276895,1120,1641
