area,areaabs,firstpeak,peak,firsttrough,trough,otherpeaks,othertroughs
7.57226066362453e-05,1.94072270992601,1357,0.00437655783815148,1841,-0.00409427404158278,1357,1841
