area,areaabs,firstpeak,peak,firsttrough,trough,otherpeaks,othertroughs
-1.57096076608929e-05,6.18168994011005,1901,0.0216041677217494,1893,-0.0181682111157652,1901,1893
