area,areaabs,firstpeak,peak,firsttrough,trough,otherpeaks,othertroughs
-0.00113966401859697,33.3000042144838,581,0.069520022755415,2012,-0.0699196445940856,581,2012
