area,areaabs,firstpeak,peak,firsttrough,trough,otherpeaks,othertroughs
-0.0101298329192274,336.822774814815,144,0.262815774777157,1433,-0.282259238456478,144,1433
