area,areaabs,firstpeak,peak,firsttrough,trough,otherpeaks,othertroughs
-0.000235542281736914,468.415888017422,1387,0.658932058394405,2318,-0.201513166818202,1387,2318
