area,areaabs,firstpeak,peak,firsttrough,trough,otherpeaks,othertroughs
-0.00360529702705614,311.658071500585,209,0.313634386787368,816,-0.213584471117416,209,816
