average,totalmistakes,averagemistakes,percentmistakes
165.527777777778,132,3.66666666666667,0.0221513676791408
