average,totalmistakes,averagemistakes,percentmistakes
121.612244897959,256,5.22448979591837,0.0429602282262125
