area,areaabs,firstpeak,peak,firsttrough,trough,otherpeaks,othertroughs
0.000504688276182698,6.36287398501672,2453,0.00917084085049394,1741,-0.0105922807852561,2453,1741
