area,areaabs,firstpeak,peak,firsttrough,trough,otherpeaks,othertroughs
0.00712255834246828,20.7576479243644,3949,0.0700061213469184,3338,-0.0525763118650438,3949,3338
