area,areaabs,firstpeak,peak,firsttrough,trough,otherpeaks,othertroughs
0.00119082668682032,5.76639614401006,1177,0.00869112261606677,994,-0.00613920599963408,1177,994
