area,areaabs,firstpeak,peak,firsttrough,trough,otherpeaks,othertroughs
0.00100097889647971,571.006146525296,2237,0.465998047584994,3771,-0.244990833707618,2237,3771
