area,areaabs,firstpeak,peak,firsttrough,trough,otherpeaks,othertroughs
0.00419319467184154,1074.3086417138,3526,0.392827522808253,2145,-0.638356229799121,3526,2145
