area,areaabs,firstpeak,peak,firsttrough,trough,otherpeaks,othertroughs
0.0138426003305868,462.72328641375,708,0.157056917439355,1896,-0.318564265031964,708,1896
