average,totalmistakes,averagemistakes
246.911764705882,801,23.5588235294118
