area,areaabs,firstpeak,peak,firsttrough,trough,otherpeaks,othertroughs
-0.000485128383218205,5.33775460342283,228,0.00668633285475387,1674,-0.00583930337661425,228,1674
