area,areaabs,firstpeak,peak,firsttrough,trough,otherpeaks,othertroughs
0.00138421393616824,14.536428010489,1802,0.0300944741587633,1505,-0.0327077815407123,1802,1505
