area,areaabs,firstpeak,peak,firsttrough,trough,otherpeaks,othertroughs
0.0010333598072797,12.4242770537621,3006,0.0561202698974998,3544,-0.0570927937872296,3006,3544
