area,areaabs,firstpeak,peak,firsttrough,trough,otherpeaks,othertroughs
7.37365691509527e-05,1.63523675396272,3001,0.00225958924041685,3542,-0.00226185497030832,3001,3542
