area,areaabs,firstpeak,peak,firsttrough,trough,otherpeaks,othertroughs
-0.0179825272221097,838.559385195667,1930,0.64428711342733,2886,-0.35461846871942,1930,2886
