area,areaabs,firstpeak,peak,firsttrough,trough,otherpeaks,othertroughs
-0.000594599231890145,327.517625225342,2086,0.212572233096204,1019,-0.248680961155585,2086,1019
