area,areaabs,firstpeak,peak,firsttrough,trough,otherpeaks,othertroughs
0.000271861817351532,276.853484318776,2113,0.238734807378456,2454,-0.262978475179032,2113,2454
