area,areaabs,firstpeak,peak,firsttrough,trough,otherpeaks,othertroughs
-0.00211108074464049,19.6944665224338,3783,0.0578704073235947,3518,-0.0735537595990649,3783,3518
