area,areaabs,firstpeak,peak,firsttrough,trough,otherpeaks,othertroughs
-0.000821513996621443,27.2109153279184,2062,0.139552687602379,2063,-0.206866561827036,2062,2063
