area,areaabs,firstpeak,peak,firsttrough,trough,otherpeaks,othertroughs
4.92885458577288e-05,2.89042533602444,47,0.0044877213943198,2450,-0.00399853149601344,47,2450
