area,areaabs,firstpeak,peak,firsttrough,trough,otherpeaks,othertroughs
6.07460597722999e-05,6.60505358398523,1498,0.0235111936692856,1996,-0.01742607379439,1498,1996
