area,areaabs,firstpeak,peak,firsttrough,trough,otherpeaks,othertroughs
-0.0147281111994481,474.660565315851,1453,0.334973960049611,2540,-0.326252969446186,1453,2540
