area,areaabs,firstpeak,peak,firsttrough,trough,otherpeaks,othertroughs
-9.00514606897955e-05,304.967553222724,1008,0.28064923973388,1317,-0.275280309312904,1008,1317
