area,areaabs,firstpeak,peak,firsttrough,trough,otherpeaks,othertroughs
-0.00665077278536051,148.64905421394,1343,0.126871333596409,3398,-0.0962940133159513,1343,3398
