average,totalmistakes,averagemistakes,percentmistakes
329.166666666667,858,20.4285714285714,0.0620614828209765
