average,totalmistakes,averagemistakes,percentmistakes
261.166666666667,215,7.16666666666667,0.0274409700063816
