area,areaabs,firstpeak,peak,firsttrough,trough,otherpeaks,othertroughs
-4.70929007453892e-05,12.9388866145367,1026,0.036143799078603,1184,-0.0421023740989151,1026,1184
