area,areaabs,firstpeak,peak,firsttrough,trough,otherpeaks,othertroughs
-8.24171672034948e-05,1.47504977534533,1733,0.00325921071196212,2624,-0.00387542185386339,1733,2624
