area,areaabs,firstpeak,peak,firsttrough,trough,otherpeaks,othertroughs
0.0165259030927031,28.8576741241202,1279,0.103532618333704,1072,-0.0905957585786427,1279,1072
