area,areaabs,firstpeak,peak,firsttrough,trough,otherpeaks,othertroughs
-0.00285167817212123,415.7074141908,904,0.516369145701041,1332,-0.538515516358003,904,1332
