area,areaabs,firstpeak,peak,firsttrough,trough,otherpeaks,othertroughs
-0.084601410568472,172.712107264656,792,0.110273432156583,1445,-0.21039242895494,792,1445
