area,areaabs,firstpeak,peak,firsttrough,trough,otherpeaks,othertroughs
-0.012131719411025,174.913507867916,1536,0.186131155450747,1988,-0.127030122793341,1536,1988
