area,areaabs,firstpeak,peak,firsttrough,trough,otherpeaks,othertroughs
-0.0048809685294256,33.5404717215317,3318,0.0979687907021868,2758,-0.102745494813562,3318,2758
