area,areaabs,firstpeak,peak,firsttrough,trough,otherpeaks,othertroughs
-0.000166136789824794,3.26428743674088,3606,0.00697525625590437,3602,-0.00591981545656898,3606,3602
