area,areaabs,firstpeak,peak,firsttrough,trough,otherpeaks,othertroughs
4.08397562136242e-06,1.59121525571739,1802,0.00216083655123639,1740,-0.0025117476257922,1802,1740
