area,areaabs,firstpeak,peak,firsttrough,trough,otherpeaks,othertroughs
-0.00589547604281375,363.965721612583,762,0.17217094226398,2145,-0.29712022350717,762,2145
