area,areaabs,firstpeak,peak,firsttrough,trough,otherpeaks,othertroughs
0.000145148179125446,616.785174246629,2451,0.422468160421381,1029,-0.474181433645426,2451,1029
