area,areaabs,firstpeak,peak,firsttrough,trough,otherpeaks,othertroughs
0.00197690296789545,271.063431961481,2849,0.20124002299129,1616,-0.20819399987418,2849,1616
