average,totalmistakes,averagemistakes,percentmistakes
387.892307692308,1101,16.9384615384615,0.0436679490738905
