area,areaabs,firstpeak,peak,firsttrough,trough,otherpeaks,othertroughs
-0.000104922809208481,5.29562810228113,1220,0.0137593600367733,2112,-0.0107490407817047,1220,2112
