area,areaabs,firstpeak,peak,firsttrough,trough,otherpeaks,othertroughs
-7.72471990707162e-05,0.773951234123153,386,0.00222157590500366,456,-0.00192060257301525,386,456
