area,areaabs,firstpeak,peak,firsttrough,trough,otherpeaks,othertroughs
-0.00290720136056004,28.7254312086371,587,0.0755828603984215,647,-0.0805198603309854,587,647
