area,areaabs,firstpeak,peak,firsttrough,trough,otherpeaks,othertroughs
0.00834716408194873,248.870307072039,623,0.170084427910157,169,-0.194984161065101,623,169
