area,areaabs,firstpeak,peak,firsttrough,trough,otherpeaks,othertroughs
0.00031325703576081,460.683440372655,597,0.400845866792299,1389,-0.584918181215521,597,1389
