area,areaabs,firstpeak,peak,firsttrough,trough,otherpeaks,othertroughs
-0.000433820431614107,222.693071158214,2305,0.187899852880099,1047,-0.203604333813358,2305,1047
