average,totalmistakes,averagemistakes,percentmistakes
455.928571428571,1505,35.8333333333333,0.0785941824638362
