average,totalmistakes,averagemistakes,percentmistakes
396.466666666667,889,29.6333333333333,0.0747435681856398
