average,totalmistakes,averagemistakes,percentmistakes
198.612903225806,116,3.74193548387097,0.0188403443235342
