average,totalmistakes,averagemistakes,percentmistakes
120.725490196078,80,1.56862745098039,0.0129933409127822
