average,totalmistakes,averagemistakes,percentmistakes
372.636363636364,34,3.09090909090909,0.00829470602585997
