average,totalmistakes,averagemistakes
166.708333333333,922,19.2083333333333
