average,totalmistakes,averagemistakes,percentmistakes
326.105263157895,302,15.8947368421053,0.0487411233053583
