area,areaabs,firstpeak,peak,firsttrough,trough,otherpeaks,othertroughs
-0.000324993048076129,3.6854485418736,2018,0.00862082301501383,3529,-0.00763026318187473,2018,3529
