area,areaabs,firstpeak,peak,firsttrough,trough,otherpeaks,othertroughs
-0.000382802034091001,3.5573597822908,2533,0.00610660295293123,3532,-0.00494832981852538,2533,3532
