area,areaabs,firstpeak,peak,firsttrough,trough,otherpeaks,othertroughs
0.000772160849052094,10.8304034888174,2022,0.0468067289303401,3533,-0.0383565427370065,2022,3533
