area,areaabs,firstpeak,peak,firsttrough,trough,otherpeaks,othertroughs
-0.00391636557992222,826.54024216547,1140,0.321391798587662,2548,-0.738773798269202,1140,2548
