area,areaabs,firstpeak,peak,firsttrough,trough,otherpeaks,othertroughs
-0.00131511238428082,494.949974893335,1235,0.381964708235551,2512,-0.328171568763125,1235,2512
