area,areaabs,firstpeak,peak,firsttrough,trough,otherpeaks,othertroughs
-0.00370852391703618,458.733587187244,3690,0.221451986311304,3377,-0.275987072506657,3690,3377
