area,areaabs
-3.29497040502993e-05,119.105767349951
