area,areaabs
-5.68104362785278e-06,94.0596549940478
