area,areaabs
2.6515294568343e-07,105.886730516258
