area,areaabs
5.39681217968752e-05,115.888203604032
