area,areaabs
9.59425442067322e-07,113.488005304698
