area,areaabs
0.000644328018537322,473.833832280687
