area,areaabs
0.000429516138302385,583.711842684184
