area,areaabs
0.00274591201208625,504.001599588933
