area,areaabs
0.000107025432948143,420.364896526914
