area,areaabs
-2.68086071670254e-05,503.816481079997
