area,areaabs
0.000634525981626982,381.954162801042
