area,areaabs
0.00136769651627562,424.986924501552
