area,areaabs
0.000238359912099013,465.693072042916
