area,areaabs
-0.000156473183839177,505.28449840961
