area,areaabs
0.00022845008555129,498.124243290194
