area,areaabs
-0.321785639811961,297.141977495441
