area,areaabs
-0.100584869502038,1205.17655235894
