area,areaabs
0.013562380814378,1425.17383256799
