area,areaabs
-0.175134386021815,752.605792989822
