area,areaabs
-0.330387473296445,169.10901850151
