average,totalmistakes,averagemistakes
190.95652173913,272,11.8260869565217
