average,totalmistakes,averagemistakes
160.634146341463,206,5.02439024390244
