area,areaabs,firstpeak,peak,firsttrough,trough,otherpeaks,othertroughs
0.000956456728028888,10.9230551411683,3509,0.0114788985244789,1371,-0.0103293417173481,3509,1371
