area,areaabs,firstpeak,peak,firsttrough,trough,otherpeaks,othertroughs
0.00152968378266357,20.2472656217836,3113,0.0437343082742766,2336,-0.0425771634175245,3113,2336
