area,areaabs,firstpeak,peak,firsttrough,trough,otherpeaks,othertroughs
-8.45485836649027e-06,7.36525635725533,57,0.0190671767414952,752,-0.0154911668994821,57,752
