area,areaabs,firstpeak,peak,firsttrough,trough,otherpeaks,othertroughs
-0.0181656392743293,475.387734164052,436,0.241252279453514,1311,-0.268719232711604,436,1311
