area,areaabs,firstpeak,peak,firsttrough,trough,otherpeaks,othertroughs
-0.00301851676794452,226.320647659124,1916,0.171487591079833,291,-0.156257150061214,1916,291
