area,areaabs,firstpeak,peak,firsttrough,trough,otherpeaks,othertroughs
-0.0229830776950256,736.186849453896,672,0.313802266982449,1738,-0.562729140620036,672,1738
