area,areaabs,firstpeak,peak,firsttrough,trough,otherpeaks,othertroughs
-0.0141050845955734,370.265361817931,1009,0.194096491928428,2232,-0.243404213300618,1009,2232
