area,areaabs,firstpeak,peak,firsttrough,trough,otherpeaks,othertroughs
0.00750178865716609,494.053533285639,3058,0.328087158238649,3847,-0.435162961153838,3058,3847
