area,areaabs,firstpeak,peak,firsttrough,trough,otherpeaks,othertroughs
0.00880904046163132,572.970408503687,1505,0.414417625179707,2425,-0.259065727768524,1505,2425
