area,areaabs,firstpeak,peak,firsttrough,trough,otherpeaks,othertroughs
-0.00133290914426709,21.1089500607745,1683,0.063319753439172,1686,-0.089284646981687,1683,1686
