area,areaabs,firstpeak,peak,firsttrough,trough,otherpeaks,othertroughs
-0.00575079502667927,31.4049783134021,950,0.0814087543799455,655,-0.0764673309391811,950,655
