area,areaabs,firstpeak,peak,firsttrough,trough,otherpeaks,othertroughs
3.5990883891456e-05,2.96407041202938,1297,0.00569494728891335,656,-0.00417952294168637,1297,656
