area,areaabs,firstpeak,peak,firsttrough,trough,otherpeaks,othertroughs
-0.0022036007589165,3.85448553159085,173,0.00963974493153706,217,-0.00893790717591083,173,217
