area,areaabs,firstpeak,peak,firsttrough,trough,otherpeaks,othertroughs
-0.000783700117760941,297.252888784596,2401,0.220991599327137,1407,-0.588812692994661,2401,1407
