area,areaabs,firstpeak,peak,firsttrough,trough,otherpeaks,othertroughs
-0.0576456541510198,149.456392488539,1376,0.204416218533638,1739,-0.364891306070379,1376,1739
