area,areaabs,firstpeak,peak,firsttrough,trough,otherpeaks,othertroughs
-0.062219799625553,178.062781897075,1441,0.239473813811889,2852,-0.240543557271893,1441,2852
