area,areaabs,firstpeak,peak,firsttrough,trough,otherpeaks,othertroughs
-0.00484184052934072,200.168629291994,1658,0.190653826111586,1255,-0.193161719270132,1658,1255
