average,totalmistakes,averagemistakes,percentmistakes
137.705882352941,107,3.14705882352941,0.0228534814181974
