average,totalmistakes,averagemistakes,percentmistakes
144.676470588235,142,4.17647058823529,0.0288676560276479
