area,areaabs,firstpeak,peak,firsttrough,trough,otherpeaks,othertroughs
0.000203398908514112,8.5154318168568,679,0.027769734106188,525,-0.0277106874712732,679,525
