area,areaabs,firstpeak,peak,firsttrough,trough,otherpeaks,othertroughs
0.000206446338348063,2.51525466929003,1643,0.00458773815770305,1425,-0.00424916407005432,1643,1425
