area,areaabs,firstpeak,peak,firsttrough,trough,otherpeaks,othertroughs
0.000108150581010993,4.54410322007011,260,0.0155358293429865,531,-0.00901166306148747,260,531
