area,areaabs,firstpeak,peak,firsttrough,trough,otherpeaks,othertroughs
0.00388135130852825,329.777567376179,2685,0.27800730047421,1410,-0.420689372471704,2685,1410
