area,areaabs,firstpeak,peak,firsttrough,trough,otherpeaks,othertroughs
-0.00425305931621279,421.554110242867,1387,0.940700839378427,217,-0.25142602147044,1387,217
