area,areaabs,firstpeak,peak,firsttrough,trough,otherpeaks,othertroughs
0.000678580702318161,365.218147806134,2449,0.498865131878883,1361,-0.552295088003568,2449,1361
