area,areaabs,firstpeak,peak,firsttrough,trough,otherpeaks,othertroughs
-6.50006195054926e-05,380.112029181526,316,0.499885903276499,1401,-0.548498123625079,316,1401
