area,areaabs,firstpeak,peak,firsttrough,trough,otherpeaks,othertroughs
-0.00187295492514903,12.5516533506668,1215,0.0428576845740661,1213,-0.0348014902837812,1215,1213
