area,areaabs,firstpeak,peak,firsttrough,trough,otherpeaks,othertroughs
-0.00877726492560813,16.0716728973165,3177,0.136470962717678,3179,-0.106673637746318,3177,3179
