area,areaabs,firstpeak,peak,firsttrough,trough,otherpeaks,othertroughs
4.33765504544648e-05,1.79998616764184,3178,0.00336201700904088,1678,-0.0020386274527476,3178,1678
