area,areaabs,firstpeak,peak,firsttrough,trough,otherpeaks,othertroughs
-4.53252486244779e-08,380.019704280541,1489,0.288753003819757,2586,-0.187841188511394,1489,2586
