area,areaabs,firstpeak,peak,firsttrough,trough,otherpeaks,othertroughs
0.00624699131943489,883.007136655379,3210,0.286141566580899,2061,-0.751051863467856,3210,2061
