area,areaabs,firstpeak,peak,firsttrough,trough,otherpeaks,othertroughs
0.000738741109877764,371.543458458571,2176,0.243836538987429,2625,-0.34135610874267,2176,2625
