average,totalmistakes,averagemistakes,percentmistakes
520.69696969697,170,5.15151515151515,0.00989349938893092
