average,totalmistakes,averagemistakes,percentmistakes
530.314285714286,290,8.28571428571429,0.0156241581811325
