area,areaabs,firstpeak,peak,firsttrough,trough,otherpeaks,othertroughs
-0.000940939113218394,3.09709034326296,1585,0.00505714612260355,1627,-0.00561921635940883,1585,1627
