area,areaabs,firstpeak,peak,firsttrough,trough,otherpeaks,othertroughs
0.0142211170569141,32.3085992194711,25,0.0997349829247193,1320,-0.0955899978681251,25,1320
