area,areaabs,firstpeak,peak,firsttrough,trough,otherpeaks,othertroughs
8.47637355220685e-05,15.2918951005021,1190,0.0851826817341593,970,-0.0796361962981019,1190,970
