area,areaabs,firstpeak,peak,firsttrough,trough,otherpeaks,othertroughs
-0.0248468285442584,124.592747521664,512,0.0822539409979192,1740,-0.451831171742909,512,1740
