area,areaabs,firstpeak,peak,firsttrough,trough,otherpeaks,othertroughs
-0.000113225573014126,357.425398759701,1509,0.360529590994951,539,-0.357282686904885,1509,539
