area,areaabs,firstpeak,peak,firsttrough,trough,otherpeaks,othertroughs
0.00724420963429854,82.2019498009057,2245,0.0722009879533214,1416,-0.0991609043429049,2245,1416
