average,mistakes,averagemistakes
64.6785714285714,68,2.42857142857143
