average,mistakes,averagemistakes
87.9032258064516,197,6.35483870967742
