area,areaabs,firstpeak,peak,firsttrough,trough,otherpeaks,othertroughs
-0.000148393862021122,1.92250423991003,265,0.00363752873356081,494,-0.0058879819880549,265,494
