area,areaabs,firstpeak,peak,firsttrough,trough,otherpeaks,othertroughs
-0.00443340567763419,32.2200046186288,1564,0.108004231625482,1590,-0.107752611790115,1564,1590
