area,areaabs,firstpeak,peak,firsttrough,trough,otherpeaks,othertroughs
-0.000659322351484477,20.6457519399518,714,0.0942046191012131,275,-0.129717422125085,714,275
