area,areaabs,firstpeak,peak,firsttrough,trough,otherpeaks,othertroughs
-0.0616995488593541,55.6487708941319,1719,0.132581360838949,1284,-0.420891765568764,1719,1284
