area,areaabs,firstpeak,peak,firsttrough,trough,otherpeaks,othertroughs
-0.000867711472247143,146.613537108947,1787,0.204703811105777,2315,-0.163659123236604,1787,2315
