area,areaabs,firstpeak,peak,firsttrough,trough,otherpeaks,othertroughs
-0.00774280803047493,127.654742493505,1420,0.164435142325141,1158,-0.154642175120619,1420,1158
