average,totalmistakes,averagemistakes,percentmistakes
269.878787878788,450,13.6363636363636,0.0505277341118347
