average,totalmistakes,averagemistakes,percentmistakes
338.733333333333,274,9.13333333333333,0.0269631962212163
