average,totalmistakes,averagemistakes,percentmistakes
355.380952380952,366,8.71428571428571,0.024520970119255
