average,totalmistakes,averagemistakes,percentmistakes
174.454545454545,260,7.87878787878788,0.0451624109779399
