area,areaabs
2.84104061036645e-07,107.643312776539
