area,areaabs
3.41167343832861e-06,92.5713099416214
