area,areaabs
5.77725289102749e-06,115.306466147576
