area,areaabs
-1.78766266349186e-06,115.85138092661
