area,areaabs
1.27353765571959e-05,108.062986649478
