area,areaabs
-5.20614990029028e-06,104.376527470222
