area,areaabs
-0.0177852223871541,356.586941197153
