area,areaabs
-0.00209178901851569,553.767215724848
