area,areaabs
-0.000830061819755641,815.919345528737
