area,areaabs
-0.00229397411985061,855.236511853002
