area,areaabs
-6.72528717552568e-05,774.497366476496
