area,areaabs
0.000359795985884136,443.450056473254
