area,areaabs
0.00100605677819396,337.418450048727
