area,areaabs
-0.0017733535187182,387.925957917296
