area,areaabs
-0.000377448590951177,455.359763084075
