area,areaabs
0.000152932934605622,466.793185915735
