area,areaabs
-0.000117469653140108,351.733870451358
