area,areaabs
0.0663569119541947,781.027943378665
