area,areaabs
0.117942338933598,355.875832162074
