area,areaabs
-0.348236629653821,67.9385557191068
