area,areaabs
0.00646928529822736,1118.28080588383
