area,areaabs
-0.133769327359174,583.937230078613
