area,areaabs
0.0909186529417467,459.073802682596
