area,areaabs,firstpeak,peak,firsttrough,trough,otherpeaks,othertroughs
-0.000154910099008758,26.0000303409066,3854,0.0698924842471021,3036,-0.106100735461703,3854,3036
