area,areaabs,firstpeak,peak,firsttrough,trough,otherpeaks,othertroughs
0.000844735608305364,18.8260396750248,1397,0.0713604267379638,937,-0.0711250203397531,1397,937
