area,areaabs,firstpeak,peak,firsttrough,trough,otherpeaks,othertroughs
8.47637355221662e-05,15.2918951005022,1496,0.0851826817341593,1716,-0.0796361962981019,1496,1716
