area,areaabs,firstpeak,peak,firsttrough,trough,otherpeaks,othertroughs
-0.00424661072454044,365.232970910246,2926,0.36534721682235,2165,-0.285473002902817,2926,2165
