area,areaabs,firstpeak,peak,firsttrough,trough,otherpeaks,othertroughs
-0.000113225573021206,357.425398759701,1175,0.360529590994951,2145,-0.357282686904885,1175,2145
