area,areaabs,firstpeak,peak,firsttrough,trough,otherpeaks,othertroughs
9.96972208726065e-05,2.71594401459929,3301,0.00557762193428548,2627,-0.00370868740967485,3301,2627
