area,areaabs,firstpeak,peak,firsttrough,trough,otherpeaks,othertroughs
0.000156087503762001,2.55287781043252,1248,0.00718533718206522,1962,-0.00858949139012569,1248,1962
