area,areaabs,firstpeak,peak,firsttrough,trough,otherpeaks,othertroughs
0.00724420963429355,82.2019498009057,439,0.0722009879533214,1268,-0.0991609043429048,439,1268
