area,areaabs,firstpeak,peak,firsttrough,trough,otherpeaks,othertroughs
-0.0148272930020521,582.824705128153,594,0.261547740183234,2016,-0.507668396875539,594,2016
