area,areaabs,firstpeak,peak,firsttrough,trough,otherpeaks,othertroughs
-0.00690883919078394,232.902694321395,1588,0.197294946504096,775,-0.284442488041968,1588,775
