area,areaabs,firstpeak,peak,firsttrough,trough,otherpeaks,othertroughs
0.0017209612159564,5.52266948353227,2009,0.334555236107466,4022,-0.16493881859839,2009,4022
