area,areaabs,firstpeak,peak,firsttrough,trough,otherpeaks,othertroughs
-0.0309744155540543,1053.79303414738,2015,0.76092649225237,658,-0.385204139186592,2015,658
