area,areaabs,firstpeak,peak,firsttrough,trough,otherpeaks,othertroughs
-0.0221290357038648,475.311949064926,1198,0.319405225368894,1888,-0.401208172482776,1198,1888
