area,areaabs,firstpeak,peak,firsttrough,trough,otherpeaks,othertroughs
-0.00397756052513393,622.680006803677,595,0.207560102144861,2016,-0.496816589368507,595,2016
