area,areaabs,firstpeak,peak,firsttrough,trough,otherpeaks,othertroughs
-0.00104338519208741,18.7175472832625,1396,0.19990124403838,551,-0.197521898641278,1396,551
