area,areaabs
-3.52820260675261e-05,121.081386099193
