area,areaabs
0.000195457827308278,106.622909852627
