area,areaabs
0.000102674719626723,117.592319329304
