area,areaabs
-0.00104578097103853,92.7038797182213
