area,areaabs
-1.72533620292576e-06,115.854040997887
