area,areaabs
-0.000415193196764031,4973.88125317294
