area,areaabs
0.000865938921323751,1833.39415423329
