area,areaabs
0.000204922940486041,1915.26938440601
