area,areaabs
0.000496460861990411,966.140944481069
