area,areaabs
3.95400004187726e-06,1671.53137048507
