area,areaabs
-0.00131369972362379,449.234827481034
