area,areaabs
0.00100571510705008,337.390762195328
