area,areaabs
-0.0011668054245361,477.625855692867
