area,areaabs
0.0012889909056621,451.510133013269
