area,areaabs
0.000768923472283746,462.998936097354
