area,areaabs
-0.000591573229915025,1788.99464808128
