area,areaabs
-0.0848672234465606,979.341055280556
