area,areaabs
-0.000125783663870962,3584.0633628878
