area,areaabs
-6.30957969248599e-05,4406.69432914333
