area,areaabs
0.000197508088556347,3816.59633719649
