area,areaabs
-0.101375576340144,805.175957401694
