area,areaabs
-2.43451900857419e-05,5188.14990980844
