area,areaabs,firstpeak,peak,firsttrough,trough,otherpeaks,othertroughs
-0.000437963657742515,103.11224949679,4720,0.0658005933319416,6291,-0.0641844443957076,4720,6291
