area,areaabs,firstpeak,peak,firsttrough,trough,otherpeaks,othertroughs
-1.82302235086893e-05,37.7880428255244,4911,0.03234966870396,4582,-0.0414641222139655,4911,4582
