area,areaabs,firstpeak,peak,firsttrough,trough,otherpeaks,othertroughs
6.2944572770784e-05,602.526339760409,4038,0.17267446670374,6075,-0.20070980447645,4038,6075
