area,areaabs,firstpeak,peak,firsttrough,trough,otherpeaks,othertroughs
-0.000274023704643493,863.238709123361,526,0.191038110929933,2403,-0.882207165148044,526,2403
