area,areaabs,firstpeak,peak,firsttrough,trough,otherpeaks,othertroughs
0.000198290337350751,1081.10849577806,7680,0.311355732628578,4409,-0.36218912415706,7680,4409
