area,areaabs,firstpeak,peak,firsttrough,trough,otherpeaks,othertroughs
-0.000328604925110359,320.959888366584,5498,0.131968565086583,6412,-0.194612318252278,5498,6412
