area,areaabs,firstpeak,peak,firsttrough,trough,otherpeaks,othertroughs
0.000244306221494234,1688.72613785972,1456,0.329626673671941,3800,-0.459092837876092,1456,3800
