area,areaabs,firstpeak,peak,firsttrough,trough,otherpeaks,othertroughs
-0.000121530002412842,320.256818454948,4685,0.136567735319804,5926,-0.145896182076171,4685,5926
