area,areaabs,firstpeak,peak,firsttrough,trough,otherpeaks,othertroughs
-1.89325332937322e-05,356.588086307383,5731,0.110748516612136,5232,-0.112902295848048,5731,5232
