area,areaabs,firstpeak,peak,firsttrough,trough,otherpeaks,othertroughs
-5.86023241280863e-06,531.344256514406,6260,0.16704026056298,5049,-0.210390833753224,6260,5049
