area,areaabs,firstpeak,peak,firsttrough,trough,otherpeaks,othertroughs
-6.82797788272726e-05,21.9536767220942,2682,0.0359829637391511,2990,-0.0444589751470381,2682,2990
