area,areaabs,firstpeak,peak,firsttrough,trough,otherpeaks,othertroughs
-0.00230625464424965,374.576812959023,7133,0.128933552167492,4504,-0.116899249533002,7133,4504
