area,areaabs,firstpeak,peak,firsttrough,trough,otherpeaks,othertroughs
9.77072760800506e-06,72.2810351994862,5306,0.0421639719855708,5417,-0.0410862392253244,5306,5417
