area,areaabs,firstpeak,peak,firsttrough,trough,otherpeaks,othertroughs
0.000142637102491299,722.289835505186,2409,0.658119380903109,3384,-0.253543835812535,2409,3384
