area,areaabs,firstpeak,peak,firsttrough,trough,otherpeaks,othertroughs
-5.39638314351823e-05,328.16002729887,1982,0.113298185645492,5477,-0.11829197809327,1982,5477
