area,areaabs,firstpeak,peak,firsttrough,trough,otherpeaks,othertroughs
2.43374410383683e-05,67.301772709865,4322,0.0388871810837162,731,-0.039659980491286,4322,731
