area,areaabs,firstpeak,peak,firsttrough,trough,otherpeaks,othertroughs
-0.000291311951668696,867.84643915325,4287,0.188944430907873,2402,-0.884039906941961,4287,2402
