area,areaabs,firstpeak,peak,firsttrough,trough,otherpeaks,othertroughs
4.71681688397744e-05,515.677152471011,5175,0.207198248476357,6213,-0.177803991933535,5175,6213
