area,areaabs,firstpeak,peak,firsttrough,trough,otherpeaks,othertroughs
0.000119912323341669,1644.85010300095,6485,0.308590255526559,3971,-0.470219779893363,6485,3971
