area,areaabs,firstpeak,peak,firsttrough,trough,otherpeaks,othertroughs
-1.18834008295204e-06,298.083859313122,1995,0.0812592807446133,5129,-0.132256963217134,1995,5129
