area,areaabs,firstpeak,peak,firsttrough,trough,otherpeaks,othertroughs
8.50068940986576e-05,6.37624275698734,2927,0.0063528331169049,129,-0.00708361623604523,2927,129
