area,areaabs,firstpeak,peak,firsttrough,trough,otherpeaks,othertroughs
3.82717939056827e-05,10.4211275152238,5748,0.0101282402718472,5650,-0.00777974538822054,5748,5650
