area,areaabs,firstpeak,peak,firsttrough,trough,otherpeaks,othertroughs
8.41420450429511e-05,8.2420464437791,6189,0.00479558357413258,7666,-0.00562508282281588,6189,7666
