area,areaabs,firstpeak,peak,firsttrough,trough,otherpeaks,othertroughs
-6.98058905988112e-05,9.93774454684033,8186,0.0050245339141873,6477,-0.00554834603806801,8186,6477
