area,areaabs,firstpeak,peak,firsttrough,trough,otherpeaks,othertroughs
-2.71466122944697e-06,31.4659712512759,5206,0.020713837097648,5266,-0.0186196623492533,5206,5266
