area,areaabs,firstpeak,peak,firsttrough,trough,otherpeaks,othertroughs
-6.45385392058542e-05,32.8939739057708,6388,0.0231759387507992,8877,-0.0240964396599208,6388,8877
