area,areaabs,firstpeak,peak,firsttrough,trough,otherpeaks,othertroughs
-4.4838348365362e-05,7.61641222845612,1735,0.0135819238650918,1633,-0.0110004000646618,1735,1633
