area,areaabs,firstpeak,peak,firsttrough,trough,otherpeaks,othertroughs
-6.99976087002236e-05,7.41663910711099,3146,0.0051691872342083,5195,-0.00797716853725331,3146,5195
