area,areaabs,firstpeak,peak,firsttrough,trough,otherpeaks,othertroughs
-0.000285727918710947,9.91428826359004,3146,0.0112077402347586,1886,-0.00812327916934567,3146,1886
