area,areaabs,firstpeak,peak,firsttrough,trough,otherpeaks,othertroughs
0.000135135603687974,8.29192759543539,5252,0.00358371213106621,5682,-0.00408032497905216,5252,5682
