area,areaabs,firstpeak,peak,firsttrough,trough,otherpeaks,othertroughs
-4.08951732526429e-05,7.49593196195389,1589,0.0111226084669544,1624,-0.0129707936843101,1589,1624
