area,areaabs,firstpeak,peak,firsttrough,trough,otherpeaks,othertroughs
-1.27977593499588e-06,3.80024267553633,5682,0.00189927292954188,5842,-0.00188530981718055,5682,5842
