area,areaabs,firstpeak,peak,firsttrough,trough,otherpeaks,othertroughs
9.73283473229263e-05,8.58474551367238,4929,0.0100198864338698,4938,-0.00909791996828096,4929,4938
