area,areaabs,firstpeak,peak,firsttrough,trough,otherpeaks,othertroughs
-0.000100421113107977,64.1102198248839,5435,0.0871203512122499,5455,-0.044501644200025,5435,5455
