area,areaabs,firstpeak,peak,firsttrough,trough,otherpeaks,othertroughs
-0.00046530963430677,23.9742148384729,6193,0.0153140848073465,7569,-0.0121380355777957,6193,7569
