area,areaabs,firstpeak,peak,firsttrough,trough,otherpeaks,othertroughs
5.23614654965222e-06,644.607265975095,4400,0.214286602202913,3273,-0.309370541757727,4400,3273
