area,areaabs,firstpeak,peak,firsttrough,trough,otherpeaks,othertroughs
-0.000315398120306379,809.698789007888,3402,0.254570936864868,2415,-0.755360198162701,3402,2415
