area,areaabs,firstpeak,peak,firsttrough,trough,otherpeaks,othertroughs
2.87580407611189e-05,1362.96346616117,6483,0.536737211317426,9952,-0.283952210636686,6483,9952
