area,areaabs,firstpeak,peak,firsttrough,trough,otherpeaks,othertroughs
-0.000235098891344733,1940.21928748795,5305,0.625697101461245,3741,-0.468845111845869,5305,3741
