area,areaabs,firstpeak,peak,firsttrough,trough,otherpeaks,othertroughs
8.08155038876486e-05,2495.87773466245,5315,0.726003248908072,2161,-0.426090462125963,5315,2161
