area,areaabs,firstpeak,peak,firsttrough,trough,otherpeaks,othertroughs
2.22273121007797e-05,2126.46885952329,5654,0.740925474747096,4045,-0.354790915311517,5654,4045
