area,areaabs,firstpeak,peak,firsttrough,trough,otherpeaks,othertroughs
0.000410097891105681,969.510225441096,2404,0.98967034626549,526,-0.214103270936525,2404,526
