area,areaabs,firstpeak,peak,firsttrough,trough,otherpeaks,othertroughs
-0.000768534221992744,1547.21174186986,3002,0.32062686614254,6052,-0.453074064216517,3002,6052
