area,areaabs,firstpeak,peak,firsttrough,trough,otherpeaks,othertroughs
3.77382734860169e-05,2177.44489127581,4165,0.44603163709582,5668,-0.791314436257571,4165,5668
