area,areaabs,firstpeak,peak,firsttrough,trough,otherpeaks,othertroughs
-0.000354602584696335,2383.35903719755,4578,0.727005422841407,2895,-0.656266781132177,4578,2895
