area,areaabs,firstpeak,peak,firsttrough,trough,otherpeaks,othertroughs
-0.000404608909592455,1636.1805036898,3725,0.475665058917151,2093,-0.686664786537311,3725,2093
