area,areaabs,firstpeak,peak,firsttrough,trough,otherpeaks,othertroughs
-0.000299779034543863,812.449622650012,1407,0.246728116391892,2389,-0.747976749121781,1407,2389
