area,areaabs,firstpeak,peak,firsttrough,trough,otherpeaks,othertroughs
-4.54979094020027e-05,1638.97880330853,4172,0.419199099128436,368,-0.379267959360905,4172,368
