area,areaabs,firstpeak,peak,firsttrough,trough,otherpeaks,othertroughs
-8.35503443252715e-06,718.337413167277,6747,0.248137593089014,4752,-0.253911030060749,6747,4752
