area,areaabs,firstpeak,peak,firsttrough,trough,otherpeaks,othertroughs
1.81065178129571e-05,1855.04632735591,3443,0.240118298128587,5317,-0.800642643915674,3443,5317
