area,areaabs,firstpeak,peak,firsttrough,trough,otherpeaks,othertroughs
0.0164554351995613,28.7968691006778,2698,0.11384424793803,2731,-0.0615211279041372,2698,2731
