area,areaabs,firstpeak,peak,firsttrough,trough,otherpeaks,othertroughs
4.51887145739701e-05,4.56923557531478,2475,0.00542653924151545,2732,-0.0102924951990918,2475,2732
