area,areaabs,firstpeak,peak,firsttrough,trough,otherpeaks,othertroughs
0.00014347417015627,2.04024115152224,652,0.00353891230915508,618,-0.0030053208179602,652,618
