area,areaabs,firstpeak,peak,firsttrough,trough,otherpeaks,othertroughs
-0.00716256971112797,695.00522904618,646,0.302299954861676,1522,-0.487664874884061,646,1522
