area,areaabs,firstpeak,peak,firsttrough,trough,otherpeaks,othertroughs
-2.59964456578047e-05,684.979321656789,1197,0.475856011418402,2168,-0.421714409667532,1197,2168
