area,areaabs,firstpeak,peak,firsttrough,trough,otherpeaks,othertroughs
0.00645053512659011,551.578278417767,1506,0.433526831866259,2238,-0.361549919414531,1506,2238
