area,areaabs,firstpeak,peak,firsttrough,trough,otherpeaks,othertroughs
0.00409567496770064,22.6826106772447,2588,0.0385673493787504,511,-0.0532858299504498,2588,511
