area,areaabs,firstpeak,peak,firsttrough,trough,otherpeaks,othertroughs
0.000132197397739025,23.2254894787497,3352,0.0705530429079248,3337,-0.0778404546199337,3352,3337
