area,areaabs,firstpeak,peak,firsttrough,trough,otherpeaks,othertroughs
9.96972208727045e-05,2.71594401459928,725,0.00557762193428548,1399,-0.00370868740967485,725,1399
