area,areaabs,firstpeak,peak,firsttrough,trough,otherpeaks,othertroughs
-0.022129035703826,475.311949064926,2832,0.319405225368894,2142,-0.401208172482776,2832,2142
