area,areaabs,firstpeak,peak,firsttrough,trough,otherpeaks,othertroughs
-0.00424661072454256,365.232970910248,1100,0.36534721682235,1861,-0.285473002902817,1100,1861
