area,areaabs,firstpeak,peak,firsttrough,trough,otherpeaks,othertroughs
-0.00690883919078005,232.902694321395,2438,0.197294946504096,3251,-0.284442488041968,2438,3251
