average,totalmistakes,averagemistakes,percentmistakes
249.133333333333,260,8.66666666666667,0.0347872625100348
