average,totalmistakes,averagemistakes,percentmistakes
113.147058823529,146,4.29411764705882,0.0379516506368599
