average,totalmistakes,averagemistakes,percentmistakes
183.911764705882,224,6.58823529411765,0.0358228050535743
