area,areaabs
3.17923715909429e-06,58.9166721798636
