area,areaabs
-7.21516018138925e-05,84.6160175914552
