area,areaabs
4.43820451568597e-06,110.917038999343
