area,areaabs
-7.34568753315933e-06,113.625586146468
