area,areaabs
-1.87325025867604e-06,107.698696167283
