area,areaabs
0.0121533914977513,996.43865742585
