area,areaabs
-0.06194278599,739.155519569238
