area,areaabs
-0.132828108288374,448.876096604538
