area,areaabs
-0.000222368080855615,508.726871372013
