area,areaabs
-0.0400774342493166,520.316743547638
