area,areaabs
-0.000399719273053138,276.583756508187
