area,areaabs
0.00013492846670011,643.89405372452
