area,areaabs
-9.75846268127246e-05,514.675515447819
