area,areaabs
1.38609346389966e-05,362.869399077797
