area,areaabs
4.79863555219687e-05,383.990148574515
