area,areaabs
-0.209377460384207,412.756444357036
