area,areaabs
-0.469041969644991,15.1082271728484
