area,areaabs
-0.166417402211771,702.88598698405
