area,areaabs
-0.131265614735895,1074.15869696144
