area,areaabs
-0.145091121436607,600.038395893888
