area,areaabs,firstpeak,peak,firsttrough,trough,otherpeaks,othertroughs
-0.000137163871974414,2.18534565328977,3172,0.00996514110258188,3176,-0.00796866438341927,3172,3176
