area,areaabs,firstpeak,peak,firsttrough,trough,otherpeaks,othertroughs
0.000250696986699394,10.1630752520996,3170,0.0551036308897868,3176,-0.0898082395626168,3170,3176
