area,areaabs,firstpeak,peak,firsttrough,trough,otherpeaks,othertroughs
0.000165027567006216,26.6091973791922,3173,0.0583506983451818,3095,-0.040989203545643,3173,3095
