area,areaabs,firstpeak,peak,firsttrough,trough,otherpeaks,othertroughs
-0.000676215773504041,456.051650889156,2172,0.241970551721141,1194,-0.246599002785563,2172,1194
