area,areaabs,firstpeak,peak,firsttrough,trough,otherpeaks,othertroughs
0.00839352520884933,799.128358638726,2147,0.615138194870946,3231,-0.273491874282897,2147,3231
