area,areaabs,firstpeak,peak,firsttrough,trough,otherpeaks,othertroughs
-0.00297501667670713,602.868154539002,3710,0.290141921866433,3091,-0.340227025908059,3710,3091
