area,areaabs,firstpeak,peak,firsttrough,trough,otherpeaks,othertroughs
-0.00250031146982254,4.08164181795076,2021,0.00926807396072756,2023,-0.00551816375779207,2021,2023
