area,areaabs,firstpeak,peak,firsttrough,trough,otherpeaks,othertroughs
0.000530745395963449,6.63798187805917,6,0.0114720836716581,959,-0.0102540031420778,6,959
