area,areaabs,firstpeak,peak,firsttrough,trough,otherpeaks,othertroughs
-0.0263457493207184,38.0949837535352,7,0.129427102326898,2013,-0.0645724535695826,7,2013
