area,areaabs,firstpeak,peak,firsttrough,trough,otherpeaks,othertroughs
0.00414699527445945,580.509735693551,1799,0.383872010961966,856,-0.259373329691388,1799,856
