area,areaabs,firstpeak,peak,firsttrough,trough,otherpeaks,othertroughs
0.0453594591345909,214.461139210229,2012,0.226405847998977,3960,-0.19435722398633,2012,3960
