average,totalmistakes,averagemistakes,percentmistakes
377.916666666667,244,6.77777777777778,0.0179345828739434
