average,totalmistakes,averagemistakes,percentmistakes
246.911764705882,801,23.5588235294118,0.0954139368671828
