average,totalmistakes,averagemistakes,percentmistakes
246.911764705882,1365,40.1470588235294,0.162596783799881
