average,totalmistakes,averagemistakes,percentmistakes
119.212765957447,595,12.6595744680851,0.106193110833482
