area,areaabs,firstpeak,peak,firsttrough,trough,otherpeaks,othertroughs
0.000334637140625269,6.02059926483591,1844,0.0109896378682197,1341,-0.00922472145699216,1844,1341
