area,areaabs,firstpeak,peak,firsttrough,trough,otherpeaks,othertroughs
0.0051867943996492,25.1112998833815,3802,0.0843847897804421,2190,-0.0683515483162549,3802,2190
