area,areaabs,firstpeak,peak,firsttrough,trough,otherpeaks,othertroughs
0.000448232736688586,2.4964761709248,3420,0.00484206582381612,2225,-0.0053623863155964,3420,2225
