area,areaabs,firstpeak,peak,firsttrough,trough,otherpeaks,othertroughs
-0.00119810814643864,326.292697691653,2432,0.22725619674142,1694,-0.252506566981294,2432,1694
