area,areaabs,firstpeak,peak,firsttrough,trough,otherpeaks,othertroughs
0.00826252894748736,719.724631343328,3896,0.30726808416408,2080,-0.511047717253064,3896,2080
