area,areaabs,firstpeak,peak,firsttrough,trough,otherpeaks,othertroughs
-0.0014734561424649,692.233088667723,3221,0.48094154082949,2079,-0.380609530024346,3221,2079
