area,areaabs,firstpeak,peak,firsttrough,trough,otherpeaks,othertroughs
-0.0024257964143577,531.806788039072,2661,0.38092915904826,3553,-0.187652132900584,2661,3553
