average,totalmistakes,averagemistakes
421.105263157895,426,22.4210526315789
