average,totalmistakes,averagemistakes,percentmistakes
304.928571428571,313,11.1785714285714,0.0366596392597798
