average,totalmistakes,averagemistakes,percentmistakes
172.323529411765,134,3.94117647058824,0.0228707970643455
