average,totalmistakes,averagemistakes,percentmistakes
251.757575757576,208,6.3030303030303,0.0250361097737121
