area,areaabs,firstpeak,peak,firsttrough,trough,otherpeaks,othertroughs
3.20147139996279e-05,93.427684293451,5317,0.0583962829090508,5991,-0.0608461143649737,5317,5991
