area,areaabs,firstpeak,peak,firsttrough,trough,otherpeaks,othertroughs
0.000138061762635002,1496.97935197259,10174,0.214015706723956,7072,-0.313520960794776,10174,7072
