area,areaabs,firstpeak,peak,firsttrough,trough,otherpeaks,othertroughs
0.000126106399829567,60.7901668144044,7073,0.0306628967384428,6402,-0.0317760438363349,7073,6402
