area,areaabs,firstpeak,peak,firsttrough,trough,otherpeaks,othertroughs
-0.000270279163254661,1023.63894717364,5821,0.263731816612708,8228,-0.242431306705663,5821,8228
