area,areaabs,firstpeak,peak,firsttrough,trough,otherpeaks,othertroughs
-0.00010794371881406,1087.93712695403,4167,0.197781306031409,8037,-0.19524555752121,4167,8037
