area,areaabs,firstpeak,peak,firsttrough,trough,otherpeaks,othertroughs
2.18918965266386e-05,1396.65079298362,6932,0.345942516244749,3788,-0.486500363195445,6932,3788
