area,areaabs,firstpeak,peak,firsttrough,trough,otherpeaks,othertroughs
3.84553287916748e-06,1488.62121248134,6233,0.418299382803855,2296,-0.244598066328418,6233,2296
