area,areaabs,firstpeak,peak,firsttrough,trough,otherpeaks,othertroughs
-0.00038102519346522,43.8393725175012,1863,0.144347368201431,2393,-0.108483569813423,1863,2393
