area,areaabs,firstpeak,peak,firsttrough,trough,otherpeaks,othertroughs
2.03812541059047e-05,716.104819145709,7363,0.177324033620123,11874,-0.208996379262397,7363,11874
