area,areaabs,firstpeak,peak,firsttrough,trough,otherpeaks,othertroughs
-0.000132997010111292,9.43792833553446,3660,0.0105233258557978,3126,-0.0103587214952225,3660,3126
