area,areaabs,firstpeak,peak,firsttrough,trough,otherpeaks,othertroughs
-2.68400693947279e-05,13.8560708332033,7768,0.00884449919416903,7461,-0.00794038049527067,7768,7461
