area,areaabs,firstpeak,peak,firsttrough,trough,otherpeaks,othertroughs
-4.38158212482822e-05,8.73019892565816,6429,0.00712199500886259,5563,-0.00754676575735576,6429,5563
