area,areaabs,firstpeak,peak,firsttrough,trough,otherpeaks,othertroughs
-9.20401040482135e-05,7.21784215120544,3068,0.00583095101601227,3837,-0.00498231754242344,3068,3837
