area,areaabs,firstpeak,peak,firsttrough,trough,otherpeaks,othertroughs
-0.000180035438462469,33.3827696047706,6324,0.0133060144224932,5518,-0.0158695249738031,6324,5518
