area,areaabs,firstpeak,peak,firsttrough,trough,otherpeaks,othertroughs
-3.12757642108283e-06,27.6037901917614,6950,0.00994963988547437,8042,-0.0107920391480364,6950,8042
