area,areaabs,firstpeak,peak,firsttrough,trough,otherpeaks,othertroughs
1.08804608679147e-05,8.14198480212369,3864,0.00558491052910024,2152,-0.00510966790786697,3864,2152
