area,areaabs,firstpeak,peak,firsttrough,trough,otherpeaks,othertroughs
-0.000679220702626285,40.361010386535,2938,0.123754898446948,2409,-0.11348590969475,2938,2409
