area,areaabs,firstpeak,peak,firsttrough,trough,otherpeaks,othertroughs
-0.000113977411537172,4263.96461118445,5979,0.797641536229297,2309,-0.569477096851135,5979,2309
