area,areaabs,firstpeak,peak,firsttrough,trough,otherpeaks,othertroughs
7.22326797471155e-05,2089.07799514369,1506,0.463592163673805,3234,-0.511414375156992,1506,3234
