area,areaabs,firstpeak,peak,firsttrough,trough,otherpeaks,othertroughs
3.95118472335448e-05,1574.13111158056,7858,0.505481387254964,3667,-0.248695854637084,7858,3667
