area,areaabs,firstpeak,peak,firsttrough,trough,otherpeaks,othertroughs
-4.45987642344095e-05,472.352694539896,3770,0.275884467573919,3221,-0.290081147996603,3770,3221
