area,areaabs,firstpeak,peak,firsttrough,trough,otherpeaks,othertroughs
7.59876439569756e-05,664.684782197955,7529,0.161108927292643,4409,-0.193314079750103,7529,4409
