area,areaabs,firstpeak,peak,firsttrough,trough,otherpeaks,othertroughs
3.39579045315272e-05,78.0476113285731,7820,0.0440630969841241,3155,-0.0528585578350664,7820,3155
