area,areaabs,firstpeak,peak,firsttrough,trough,otherpeaks,othertroughs
-0.000101980853486667,573.752804379274,5881,0.163445778740928,7495,-0.248218224257515,5881,7495
