area,areaabs,firstpeak,peak,firsttrough,trough,otherpeaks,othertroughs
-2.13506708263683e-05,44.230552679702,5117,0.0263194179970488,4970,-0.0358821480263546,5117,4970
