area,areaabs,firstpeak,peak,firsttrough,trough,otherpeaks,othertroughs
8.89315884162968e-05,663.987034477225,5881,0.264065900069945,3871,-0.18312332336481,5881,3871
