area,areaabs,firstpeak,peak,firsttrough,trough,otherpeaks,othertroughs
-0.000226530593460952,632.950839879085,4393,0.135307799971284,2461,-0.726695513585495,4393,2461
