area,areaabs,firstpeak,peak,firsttrough,trough,otherpeaks,othertroughs
2.84114620767791e-05,30.5274246180961,2576,0.0451052066024964,2780,-0.0547934228193552,2576,2780
