area,areaabs,firstpeak,peak,firsttrough,trough,otherpeaks,othertroughs
7.43608509690391e-05,949.924693371718,5761,0.266162563668922,6335,-0.271284125167462,5761,6335
