area,areaabs,firstpeak,peak,firsttrough,trough,otherpeaks,othertroughs
-0.000155847309846408,730.645490447614,7483,0.229195658952205,7967,-0.146956232610027,7483,7967
