area,areaabs,firstpeak,peak,firsttrough,trough,otherpeaks,othertroughs
1.41215241955574e-05,88.9988973153324,5054,0.0599608404127207,5022,-0.0570668054070383,5054,5022
