area,areaabs,firstpeak,peak,firsttrough,trough,otherpeaks,othertroughs
-0.000101267063750781,1085.51416826809,5945,0.3670659285779,8025,-0.265459029649021,5945,8025
