area,areaabs,firstpeak,peak,firsttrough,trough,otherpeaks,othertroughs
0.000114816309969623,801.585248265305,5862,0.297534893453431,7101,-0.227618530305552,5862,7101
