area,areaabs,firstpeak,peak,firsttrough,trough,otherpeaks,othertroughs
0.00011388233460297,453.354997561607,2470,0.37341770784001,3103,-0.571098837256199,2470,3103
