area,areaabs,firstpeak,peak,firsttrough,trough,otherpeaks,othertroughs
0.000644728179790406,1106.23629331221,1202,0.187482719605115,3089,-0.693575827254292,1202,3089
