area,areaabs,firstpeak,peak,firsttrough,trough,otherpeaks,othertroughs
0.000186100541571432,1302.05647351592,4887,0.497107991091665,3121,-0.428098181030021,4887,3121
