area,areaabs,firstpeak,peak,firsttrough,trough,otherpeaks,othertroughs
-0.000218396037545069,1011.11321238819,5239,0.378184380654202,6326,-0.213994616377541,5239,6326
