area,areaabs,firstpeak,peak,firsttrough,trough,otherpeaks,othertroughs
5.50485710396645e-05,83.1579964965944,5581,0.0412219933910803,5849,-0.0541253969665771,5581,5849
