area,areaabs,firstpeak,peak,firsttrough,trough,otherpeaks,othertroughs
4.65574705995578e-05,940.201829151076,7252,0.272060765879867,5822,-0.184743930101182,7252,5822
