area,areaabs,firstpeak,peak,firsttrough,trough,otherpeaks,othertroughs
4.06969826739958e-05,514.18852445884,5864,0.30771796191695,6461,-0.198929429847681,5864,6461
