area,areaabs,firstpeak,peak,firsttrough,trough,otherpeaks,othertroughs
-0.000409032857978614,451.42120934187,4393,0.0976910226989345,2250,-0.553200288793715,4393,2250
