area,areaabs,firstpeak,peak,firsttrough,trough,otherpeaks,othertroughs
-0.000175331804994285,22.3818388609761,2210,0.0481364162508389,1859,-0.0413234821033933,2210,1859
