area,areaabs,firstpeak,peak,firsttrough,trough,otherpeaks,othertroughs
-5.92179262074908e-05,32.3939357805246,6314,0.0174462366302066,6175,-0.0155691472916738,6314,6175
