area,areaabs,firstpeak,peak,firsttrough,trough,otherpeaks,othertroughs
-4.43373458311521e-05,9.05016758928097,11625,0.00947792220796752,5744,-0.0065757039533869,11625,5744
