area,areaabs,firstpeak,peak,firsttrough,trough,otherpeaks,othertroughs
-6.19370331450781e-05,10.7164857538515,2080,0.0186710720953608,1859,-0.0163573907295118,2080,1859
