area,areaabs,firstpeak,peak,firsttrough,trough,otherpeaks,othertroughs
1.46165545500504e-05,9.2190521836475,4322,0.00767664250336853,4444,-0.00948486526905537,4322,4444
