area,areaabs,firstpeak,peak,firsttrough,trough,otherpeaks,othertroughs
-1.15175842732061e-05,63.8612520111545,6412,0.039625091634265,8809,-0.0402769409115658,6412,8809
