area,areaabs,firstpeak,peak,firsttrough,trough,otherpeaks,othertroughs
8.25871890596378e-05,16.0388163312375,6619,0.0107741507612804,11624,-0.0152699574669982,6619,11624
