area,areaabs,firstpeak,peak,firsttrough,trough,otherpeaks,othertroughs
0.000364618200919062,21.2670548987664,2135,0.0123879695010059,997,-0.00987988159244366,2135,997
