area,areaabs,firstpeak,peak,firsttrough,trough,otherpeaks,othertroughs
-0.000187122443866278,14.3759781653236,11448,0.0123052615290658,11257,-0.0101533848934989,11448,11257
