area,areaabs,firstpeak,peak,firsttrough,trough,otherpeaks,othertroughs
0.000336304636652314,35.9967759218153,8011,0.0167664434993166,5862,-0.0132445268763073,8011,5862
