area,areaabs,firstpeak,peak,firsttrough,trough,otherpeaks,othertroughs
-0.000149317227155416,70.4069866882199,3835,0.0617878490493431,4417,-0.0441617394139899,3835,4417
