area,areaabs,firstpeak,peak,firsttrough,trough,otherpeaks,othertroughs
6.17234319964746e-05,9.68492332380159,2040,0.00889753412292903,2278,-0.00759589299115844,2040,2278
