area,areaabs,firstpeak,peak,firsttrough,trough,otherpeaks,othertroughs
-2.86345458259237e-05,10.805491922024,2797,0.0113373544220674,1226,-0.00898138531019704,2797,1226
