area,areaabs,firstpeak,peak,firsttrough,trough,otherpeaks,othertroughs
0.000498508482782512,20.9459342136539,11634,0.0174972202526585,11622,-0.0244383546243851,11634,11622
