area,areaabs,firstpeak,peak,firsttrough,trough,otherpeaks,othertroughs
4.40333816041728e-06,12.2115228468818,6790,0.00877373716416903,2040,-0.00716472273464716,6790,2040
