area,areaabs,firstpeak,peak,firsttrough,trough,otherpeaks,othertroughs
0.000243923109049982,1523.16722171573,5980,0.758745686394909,4898,-0.261027600433892,5980,4898
