area,areaabs,firstpeak,peak,firsttrough,trough,otherpeaks,othertroughs
-0.000651675467661407,393.270737295957,3297,0.490779369798022,2697,-0.456265694007472,3297,2697
