area,areaabs,firstpeak,peak,firsttrough,trough,otherpeaks,othertroughs
-0.0012256713198655,587.701615093166,6294,0.235157150086836,7500,-0.285334423222356,6294,7500
