area,areaabs,firstpeak,peak,firsttrough,trough,otherpeaks,othertroughs
0.000584636465281328,640.688766934057,2403,0.678096441858714,470,-0.133922255127418,2403,470
