area,areaabs,firstpeak,peak,firsttrough,trough,otherpeaks,othertroughs
-0.00054688930355239,1809.49837121277,4441,0.470034354320269,2996,-0.712947139850512,4441,2996
