area,areaabs,firstpeak,peak,firsttrough,trough,otherpeaks,othertroughs
-0.000226641143085778,1343.70832923319,4220,0.241679392891542,7901,-0.312253996089258,4220,7901
