area,areaabs,firstpeak,peak,firsttrough,trough,otherpeaks,othertroughs
0.00192435402254981,1136.39377245023,7562,0.315770267412881,3137,-0.225302470054097,7562,3137
