area,areaabs,firstpeak,peak,firsttrough,trough,otherpeaks,othertroughs
4.13343845243558e-05,1305.24430840593,1595,0.248664220808515,5924,-0.766618630257606,1595,5924
