area,areaabs,firstpeak,peak,firsttrough,trough,otherpeaks,othertroughs
6.82273749346398e-05,764.498517349532,7317,0.205723443032261,3204,-0.183502042024357,7317,3204
