area,areaabs,firstpeak,peak,firsttrough,trough,otherpeaks,othertroughs
0.000142202344801438,1562.85768608487,4034,0.309563627779226,6048,-0.452100555964306,4034,6048
