area,areaabs,firstpeak,peak,firsttrough,trough,otherpeaks,othertroughs
2.2177165290814e-05,765.672323017375,6944,0.224431079179345,9622,-0.150656614390352,6944,9622
