area,areaabs,firstpeak,peak,firsttrough,trough,otherpeaks,othertroughs
-0.000328450889241662,1169.00935259756,8430,0.248267700711398,6180,-0.356227788295079,8430,6180
