area,areaabs,firstpeak,peak,firsttrough,trough,otherpeaks,othertroughs
0.000628772485522817,1185.36073205945,1579,0.270908429836557,2700,-0.410155333750216,1579,2700
