area,areaabs,firstpeak,peak,firsttrough,trough,otherpeaks,othertroughs
0.000137926287188428,1091.42907339394,1529,0.166137148937369,5835,-0.664770001266092,1529,5835
