area,areaabs,firstpeak,peak,firsttrough,trough,otherpeaks,othertroughs
-0.000239774112840983,573.456649138808,1699,0.5975384972742,2158,-0.485925700407373,1699,2158
