average,totalmistakes,averagemistakes,percentmistakes
252.655172413793,487,16.7931034482759,0.0664664937900914
