average,totalmistakes,averagemistakes,percentmistakes
348.857142857143,340,16.1904761904762,0.0464100464100464
