average,totalmistakes,averagemistakes,percentmistakes
118.177419354839,282,4.54838709677419,0.0384877849051454
