average,totalmistakes,averagemistakes,percentmistakes
300.181818181818,440,13.3333333333333,0.0444175247324854
