average,totalmistakes,averagemistakes,percentmistakes
229.911764705882,447,6.57352941176471,0.0285915312779839
