average,totalmistakes,averagemistakes,percentmistakes
329.448275862069,554,19.1034482758621,0.0579861837973624
