average,totalmistakes,averagemistakes,percentmistakes
348.371428571429,850,24.2857142857143,0.0697121299106045
