average,totalmistakes,averagemistakes,percentmistakes
374.333333333333,770,23.3333333333333,0.06233303650935
