average,totalmistakes,averagemistakes,percentmistakes
252.655172413793,182,6.27586206896552,0.0248396342295619
