average,totalmistakes,averagemistakes,percentmistakes
62.6282051282051,164,2.1025641025641,0.0335721596724667
