trialnames,apenx,apeny,apenz
UP1,0.305260176816409,0.501681007129776,0.257927767352109
UP2,0.381558081924763,0.480386726950022,0.285991261931709
