area,areaabs,firstpeak,peak,firsttrough,trough,otherpeaks,othertroughs
-0.00256641657160946,22.4232041466287,2065,0.155417369744532,2883,-0.144961737628286,2065,2883
