area,areaabs,firstpeak,peak,firsttrough,trough,otherpeaks,othertroughs
-0.000154910099008579,26.0000303409067,178,0.0698924842471021,996,-0.106100735461703,178,996
