area,areaabs,firstpeak,peak,firsttrough,trough,otherpeaks,othertroughs
0.000156087503762037,2.55287781043252,2778,0.00718533718206522,2064,-0.00858949139012569,2778,2064
