area,areaabs,firstpeak,peak,firsttrough,trough,otherpeaks,othertroughs
-0.00397756052515264,622.680006803678,3435,0.207560102144861,2014,-0.496816589368507,3435,2014
