area,areaabs,firstpeak,peak,firsttrough,trough,otherpeaks,othertroughs
0.00126982179233363,327.263293373694,3732,0.253999604098216,2641,-0.231908002872265,3732,2641
