area,areaabs,firstpeak,peak,firsttrough,trough,otherpeaks,othertroughs
0.000674686220507714,351.113250891654,1717,0.22291655047213,271,-0.19230044418577,1717,271
